batch,case,cells,directions,grid,reference_case,reference_cells,reference_directions,reference_map,reference_max_distance,reference_mean_distance,rep,rsi_batch_cap_requested,rsi_batch_capacity_actual,rsi_cache_gib_s,rsi_cache_hits,rsi_cache_misses,rsi_cache_read_bytes,rsi_cache_s,rsi_cache_wall_s,rsi_direction_h2d_bytes,rsi_h2d_bytes,rsi_h2d_gib_s,rsi_h2d_s,rsi_iterations,rsi_mcell_sweeps_per_s,rsi_parallel_efficiency_mcell_sweeps_s,rsi_plan_s,rsi_samples_per_s,rsi_sweep_blocks,rsi_sweep_launches,rsi_sweep_logical_threads,rsi_sweep_s,rsi_sweep_samples_per_s,rsi_sweep_threads_per_block,rsi_tail_max_abs_vs_reference,rsi_tail_rel_l2_vs_reference,rsi_total_s,rsi_vs_si_parallel_efficiency_gain,rsi_vs_si_speedup,samples,si_cache_gib_s,si_cache_read_bytes,si_cache_s,si_h2d_bytes,si_h2d_gib_s,si_h2d_s,si_iterations,si_mcell_sweeps_per_s,si_parallel_efficiency_mcell_sweeps_s,si_plan_s,si_rel_l2_vs_reference,si_sweep_blocks,si_sweep_launches,si_sweep_logical_threads,si_sweep_s,si_sweep_threads_per_block,si_total_s,sn
128,100k_s100_r1024_b128_rep1,94378.0,10200,100k,100k_s316_r8192_b128_rep1,94378.0,100488,same_mesh_cell_order,0.0,0.0,1,128.0,128.0,1.9016597058900127,21221.0,0.0,8041724468.0,59.2386,3.93837,98304.0,8040472429.0,2.938156375661061,2.54863,24.0,1206.0659795958693,1206.0659795958693,8.95757,89.67667355589029,49570560.0,77454.0,12690063360.0,1.92314,532.4625352288444,256.0,0.013928999999999997,0.02230817452835355,11.4188,0.7454681319057779,1.1615931621536415,1024,1.538924157615654,3865063136.0,2.33905,3864704216.0,2.6825912117076696,1.34172,14.0,1617.8639005165521,1617.8639005165521,4.57079,0.011126562524094248,142800.0,1120.0,36556800.0,8.33023,256.0,13.264,100
256,100k_s100_r1024_b256_rep1,94378.0,10200,100k,100k_s316_r8192_b128_rep1,94378.0,100488,same_mesh_cell_order,0.0,0.0,1,256.0,256.0,1.891890806582872,18492.0,0.0,7007565952.0,51.7579,3.44962,98304.0,7006474924.0,3.08782681733577,2.11323,24.0,1322.850828124287,1322.850828124287,6.91328,111.84778215896803,50497280.0,39451.0,12927303680.0,1.75336,584.0215357941324,256.0,0.013928999999999997,0.02230817452835355,9.1553,0.7173855527519216,1.4280580647275347,1024,1.064161057317291,3865063136.0,3.38259,3864704216.0,2.8304063858549244,1.27165,14.0,1843.9886655784674,1843.9886655784674,5.42692,0.011126562524094248,142800.0,1120.0,36556800.0,7.30871,256.0,13.0743,100
64,100k_s100_r1024_b64_rep1,94378.0,10200,100k,100k_s316_r8192_b128_rep1,94378.0,100488,same_mesh_cell_order,0.0,0.0,1,64.0,64.0,2.1288956387501257,22856.0,0.0,8661306996.0,56.7613,3.78904,98304.0,8659958492.0,2.939089704106459,2.74412,24.0,823.063369351147,823.063369351147,8.10198,88.6725954918991,47887808.0,151538.0,12259278848.0,2.81805,363.371835134224,256.0,0.013928999999999997,0.02230817452835355,11.5481,0.5337400941320798,1.2956417072938404,1024,1.0096970732166157,3865063136.0,3.56505,3864704216.0,2.7159710243296744,1.32523,14.0,1542.0677187265437,1542.0677187265437,5.8913,0.011126562524094248,142800.0,1120.0,36556800.0,8.73968,256.0,14.9622,100
128,100k_s100_r4096_b128_rep1,94378.0,10200,100k,100k_s316_r8192_b128_rep1,94378.0,100488,same_mesh_cell_order,0.0,0.0,1,128.0,128.0,3.037719216128817,85033.0,0.0,32223408284.0,148.972,9.87925,393216.0,32218391337.0,3.0416921532136825,9.86481,24.0,1150.2217831798503,1150.2217831798503,23.987,119.30039174567113,198611840.0,310331.0,50844631040.0,8.06604,507.808044591894,256.0,0.015473999999999988,0.01840527319202301,34.3335,0.6330941039700465,0.3629108596560211,4096,1.332570930184764,3865063136.0,2.70126,3864704216.0,2.851168244815322,1.26239,14.0,1816.8259283524626,1816.8259283524626,4.75588,0.011126562524094248,142800.0,1120.0,36556800.0,7.41798,256.0,12.46,100
256,100k_s100_r4096_b256_rep1,94378.0,10200,100k,100k_s316_r8192_b128_rep1,94378.0,100488,same_mesh_cell_order,0.0,0.0,1,256.0,256.0,2.8258982161899135,74055.0,0.0,28063283680.0,140.898,9.24873,393216.0,28058914435.0,3.043728480554938,8.58549,24.0,1334.4804197735432,1334.4804197735432,21.2592,135.41346398616773,202164480.0,157941.0,51754106880.0,6.95232,589.1558501334806,256.0,0.015473999999999988,0.01840527319202301,30.2481,0.7318741514832943,0.44927780587871635,4096,0.9635577635798058,3865063136.0,3.73576,3864704216.0,2.7620952195322035,1.3031,14.0,1823.374164901087,1823.374164901087,5.91173,0.011126562524094248,142800.0,1120.0,36556800.0,7.39134,256.0,13.5898,100
64,100k_s100_r4096_b64_rep1,94378.0,10200,100k,100k_s316_r8192_b128_rep1,94378.0,100488,same_mesh_cell_order,0.0,0.0,1,64.0,64.0,3.2374720058932693,91412.0,0.0,34640736508.0,150.474,9.96509,393216.0,34635343200.0,3.0632539744463263,10.5302,24.0,831.6736060239343,831.6736060239343,21.2707,117.57546530720035,192578560.0,607490.0,49300111360.0,11.1555,367.1731432925463,256.0,0.015473999999999988,0.01840527319202301,34.8372,0.4525004792074151,0.3822207295649478,4096,0.99453241021904,3865063136.0,3.61941,3864704216.0,2.82133215276813,1.27574,14.0,1837.95077406474,1837.95077406474,5.70475,0.011126562524094248,142800.0,1120.0,36556800.0,7.33272,256.0,13.3155,100
128,100k_s100_r512_b128_rep1,94378.0,10200,100k,100k_s316_r8192_b128_rep1,94378.0,100488,same_mesh_cell_order,0.0,0.0,1,128.0,128.0,1.8743031090529203,10601.0,0.0,4017266960.0,29.966,1.99614,49152.0,4016641501.0,3.0758260666661457,1.21619,24.0,1216.0274469876576,1216.0274469876576,3.79815,100.98758759982879,24745600.0,38665.0,6334873600.0,0.953693,536.8603942778232,256.0,0.029963000000000017,0.044728463701827655,5.06993,0.676330408706563,2.2956332730432174,512,2.040763184646681,3865063136.0,1.76386,3864704216.0,2.773268313420206,1.29785,14.0,1797.9783717151345,1797.9783717151345,3.82559,0.011126562524094248,142800.0,1120.0,36556800.0,7.49574,256.0,11.6387,100
256,100k_s100_r512_b256_rep1,94378.0,10200,100k,100k_s316_r8192_b128_rep1,94378.0,100488,same_mesh_cell_order,0.0,0.0,1,256.0,256.0,1.1230799136478893,9241.0,0.0,3501891252.0,43.0971,2.90397,49152.0,3501346033.0,3.0667857330297963,1.06329,24.0,1238.6445322387879,1238.6445322387879,6.22673,69.11503062929775,25209600.0,19695.0,6453657600.0,0.936279,546.8455449711037,256.0,0.029963000000000017,0.044728463701827655,7.40794,0.671067714221254,1.718345450962076,512,1.1944943109101662,3865063136.0,3.01351,3864704216.0,2.8389568555255593,1.26782,14.0,1845.7817385480735,1845.7817385480735,5.0991,0.011126562524094248,142800.0,1120.0,36556800.0,7.30161,256.0,12.7294,100
64,100k_s100_r512_b64_rep1,94378.0,10200,100k,100k_s316_r8192_b128_rep1,94378.0,100488,same_mesh_cell_order,0.0,0.0,1,64.0,64.0,2.0831177948337825,11437.0,0.0,4334068344.0,28.4309,1.93768,49152.0,4333393561.0,3.0530662753447038,1.32188,24.0,898.684859662446,898.684859662446,3.765,93.70167363633868,23584128.0,75589.0,6037536768.0,1.29046,396.7577453001256,256.0,0.029963000000000017,0.044728463701827655,5.46415,0.4892729828474948,2.0914323362279585,512,2.000433779146,3865063136.0,1.79942,3864704216.0,2.8289381365959665,1.27231,14.0,1836.775974083498,1836.775974083498,3.82617,0.011126562524094248,142800.0,1120.0,36556800.0,7.33741,256.0,11.4279,100
128,100k_s100_r64_b128_rep1,94378.0,10200,100k,100k_s316_r8192_b128_rep1,94378.0,100488,same_mesh_cell_order,0.0,0.0,1,128.0,64.0,0.9304501972922439,1426.0,0.0,540383344.0,7.89164,0.54089,6144.0,540299210.0,3.048452738738734,0.165065,24.0,793.5960759410515,793.5960759410515,1.07376,49.60394351350933,3057280.0,9554.0,782663680.0,0.182668,350.36240611382397,256.0,0.053508,0.0843635333253634,1.29022,0.4425607149159617,9.325696392863232,64,1.7726532279827518,3865063136.0,2.03064,3864704216.0,2.698115652603009,1.334,14.0,1793.1914180221536,1793.1914180221536,4.21895,0.011126562524094248,142800.0,1120.0,36556800.0,7.51575,256.0,12.0322,100
256,100k_s100_r64_b256_rep1,94378.0,10200,100k,100k_s316_r8192_b128_rep1,94378.0,100488,same_mesh_cell_order,0.0,0.0,1,256.0,64.0,0.9538299557521185,1426.0,0.0,540383344.0,7.63268,0.527632,6144.0,540299210.0,3.056637598147945,0.164623,24.0,737.2868746153729,737.2868746153729,1.02836,50.903942669434564,3057280.0,9554.0,782663680.0,0.196619,325.50262182189925,256.0,0.053508,0.0843635333253634,1.25727,0.4072508273369718,9.097648078773851,64,2.1843550623947277,3865063136.0,1.64791,3864704216.0,2.793674395222191,1.28837,14.0,1810.3999430437477,1810.3999430437477,3.69132,0.011126562524094248,142800.0,1120.0,36556800.0,7.44431,256.0,11.4382,100
64,100k_s100_r64_b64_rep1,94378.0,10200,100k,100k_s316_r8192_b128_rep1,94378.0,100488,same_mesh_cell_order,0.0,0.0,1,64.0,64.0,0.7532489099692603,1426.0,0.0,540383344.0,9.85494,0.668134,6144.0,540299210.0,3.0331094112110253,0.1659,24.0,1023.8047374888768,1023.8047374888768,1.00736,53.88384663310152,3057280.0,9554.0,782663680.0,0.141594,451.99655352627934,256.0,0.053508,0.0843635333253634,1.18774,0.6105728973228345,10.536902015592638,64,1.7733081846163563,3865063136.0,2.02989,3864704216.0,2.7508225677695686,1.30844,14.0,1676.7936178921973,1676.7936178921973,4.15824,0.011126562524094248,142800.0,1120.0,36556800.0,8.03747,256.0,12.5151,100
128,100k_s100_r8_b128_rep1,94378.0,10200,100k,100k_s316_r8192_b128_rep1,94378.0,100488,same_mesh_cell_order,0.0,0.0,1,128.0,8.0,1.4638525844877315,0.0,0.0,71996916.0,0.0458054,0.0,768.0,71990242.0,2.8938863410464064,0.0231682,24.0,121.0612970250065,121.0612970250065,0.093345,31.27761226707953,70288.0,8786.0,17993728.0,0.149681,53.44699728088401,256.0,0.19366,0.2662138311920184,0.255774,0.07757216341149938,50.97351568181285,8,1.8384076439195385,3865063136.0,1.95801,3864704216.0,2.7900146354219295,1.29006,14.0,1560.6280874597892,1560.6280874597892,4.02001,0.011126562524094248,142800.0,1120.0,36556800.0,8.63574,256.0,13.0377,100
256,100k_s100_r8_b256_rep1,94378.0,10200,100k,100k_s316_r8192_b128_rep1,94378.0,100488,same_mesh_cell_order,0.0,0.0,1,256.0,8.0,1.2684126797752375,0.0,0.0,71996916.0,0.0528632,0.0,768.0,71990242.0,2.80261582206989,0.0239227,24.0,114.78453878605904,114.78453878605904,0.100811,28.270049649274696,70288.0,8786.0,17993728.0,0.157866,50.67588967858817,256.0,0.19366,0.2662138311920184,0.282985,0.07351257480682212,45.98194250578653,8,1.887414625267226,3865063136.0,1.90717,3864704216.0,2.7578624477606426,1.3051,14.0,1561.42726720826,1561.42726720826,3.99953,0.011126562524094248,142800.0,1120.0,36556800.0,8.63132,256.0,13.0122,100
64,100k_s100_r8_b64_rep1,94378.0,10200,100k,100k_s316_r8192_b128_rep1,94378.0,100488,same_mesh_cell_order,0.0,0.0,1,64.0,8.0,0.0,0.0,0.0,0.0,0.00052089,0.0,768.0,71990242.0,2.839349919817363,0.0236132,24.0,126.40527927563426,126.40527927563426,0.618773,10.31820040266777,70288.0,8786.0,17993728.0,0.143353,55.806296345385164,256.0,0.19366,0.2662138311920184,0.775329,0.0787857347148049,19.152256654916815,8,0.9209983013135576,3865063136.0,3.90839,3864704216.0,2.761671357762921,1.3033,14.0,1604.4183599125718,1604.4183599125718,6.08655,0.011126562524094248,142800.0,1120.0,36556800.0,8.40004,256.0,14.8493,100
128,100k_s10_r1024_b128_rep1,94378.0,120,100k,100k_s316_r8192_b128_rep1,94378.0,100488,same_mesh_cell_order,0.0,0.0,1,128.0,128.0,4.117924457701584,0.0,0.0,363787456.0,0.0822753,0.0,98304.0,363753664.0,2.9176061154418,0.116113,24.0,1094.9402016692472,1094.9402016692472,0.137589,422.328995937558,39505920.0,77160.0,10113515520.0,2.11832,483.40194116091993,256.0,0.10294999999999987,0.14129531814538573,2.42465,0.5846228547690082,0.07569381147794527,1024,1.0675359900089205,45473432.0,0.0396712,45469208.0,2.845140344554933,0.0148838,14.0,1872.9000974514959,1872.9000974514959,0.0846372,0.13974044966312044,1680.0,14.0,430080.0,0.0846575,256.0,0.183531,10
256,100k_s10_r1024_b256_rep1,94378.0,120,100k,100k_s316_r8192_b128_rep1,94378.0,100488,same_mesh_cell_order,0.0,0.0,1,256.0,256.0,2.8186738569407477,0.0,0.0,181893728.0,0.0600998,0.0,98304.0,181876832.0,2.9277221414090326,0.0578559,24.0,1378.7359658560654,1378.7359658560654,0.0779357,537.2817948569959,39591936.0,38664.0,10135535616.0,1.68229,608.6941014926083,256.0,0.10294999999999987,0.14129531814538573,1.90589,0.7271572779620977,0.09560362875087229,1024,1.0868421276440503,45473432.0,0.0389665,45469208.0,2.8651993193514516,0.0147796,14.0,1896.0629393960774,1896.0629393960774,0.0853476,0.13974044966312044,1680.0,14.0,430080.0,0.0836233,256.0,0.18221,10
64,100k_s10_r1024_b64_rep1,94378.0,120,100k,100k_s316_r8192_b128_rep1,94378.0,100488,same_mesh_cell_order,0.0,0.0,1,64.0,64.0,3.106991761555819,0.0,0.0,727574912.0,0.218091,0.0,98304.0,727507328.0,2.9338529391382497,0.23094,24.0,834.4397376629263,834.4397376629263,0.255581,315.0090749684683,39127552.0,152842.0,10016653312.0,2.77963,368.3943546443232,256.0,0.10294999999999987,0.14129531814538573,3.2507,0.4421611139406529,0.055715692004798964,1024,1.110097293509389,45473432.0,0.0381502,45469208.0,2.8277563628299074,0.0149753,14.0,1887.1848096866458,1887.1848096866458,0.0835613,0.13974044966312044,1680.0,14.0,430080.0,0.0840167,256.0,0.181115,10
128,100k_s10_r4096_b128_rep1,94378.0,120,100k,100k_s316_r8192_b128_rep1,94378.0,100488,same_mesh_cell_order,0.0,0.0,1,128.0,128.0,3.0379830987893484,0.0,0.0,1455149824.0,0.44609,0.0,393216.0,1455014656.0,2.9283497617043723,0.462748,24.0,1110.9968736004366,1110.9968736004366,0.495597,432.44886841138384,158023168.0,308639.0,40453931008.0,8.35082,490.49075420138377,256.0,0.10924,0.13984168154171045,9.47164,0.5931357543331073,0.019507709330168797,4096,1.0577216326669518,45473432.0,0.0400393,45469208.0,2.9029305816820368,0.0145875,14.0,1873.0903768389194,1873.0903768389194,0.0862366,0.13974044966312044,1680.0,14.0,430080.0,0.0846489,256.0,0.18477,10
256,100k_s10_r4096_b256_rep1,94378.0,120,100k,100k_s316_r8192_b128_rep1,94378.0,100488,same_mesh_cell_order,0.0,0.0,1,256.0,256.0,3.8322282814502495,0.0,0.0,727574912.0,0.176818,0.0,393216.0,727507328.0,2.903552593805817,0.23335,24.0,1354.5305233589463,1354.5305233589463,0.259469,534.5653393889563,158425088.0,154712.0,40556822528.0,6.84941,598.0077116131171,256.0,0.10924,0.13984168154171045,7.6623,0.7901638209922983,0.025427352100544223,4096,1.0636296087048938,45473432.0,0.0398169,45469208.0,2.7944475880826403,0.0151538,14.0,1714.240120052458,1714.240120052458,0.0852819,0.13974044966312044,1680.0,14.0,430080.0,0.0924929,256.0,0.194832,10
64,100k_s10_r4096_b64_rep1,94378.0,120,100k,100k_s316_r8192_b128_rep1,94378.0,100488,same_mesh_cell_order,0.0,0.0,1,64.0,64.0,3.4311991871213374,0.0,0.0,2910299648.0,0.789936,0.0,393216.0,2910029312.0,2.9331829581862956,0.923971,24.0,799.8047337931034,799.8047337931034,0.98019,304.82087308556714,156538368.0,611478.0,40073822208.0,11.6,353.1034482758621,256.0,0.10924,0.13984168154171045,13.4374,0.4270226285714286,0.01366655751856758,4096,1.0652910784821428,45473432.0,0.0397548,45469208.0,2.829721539087245,0.0149649,14.0,1872.9797445835336,1872.9797445835336,0.0860902,0.13974044966312044,1680.0,14.0,430080.0,0.0846539,256.0,0.183643,10
128,100k_s10_r512_b128_rep1,94378.0,120,100k,100k_s316_r8192_b128_rep1,94378.0,100488,same_mesh_cell_order,0.0,0.0,1,128.0,128.0,2.6635744215726493,0.0,0.0,181893728.0,0.0635994,0.0,49152.0,181876832.0,2.922423421366628,0.0579608,24.0,1073.1660241521306,1073.1660241521306,0.0784029,408.3488192179163,19750912.0,38576.0,5056233472.0,1.08065,473.78892333317907,256.0,0.10827000000000009,0.14481150711819898,1.25383,0.570077046222181,0.1471068645669668,512,1.0754491259834962,45473432.0,0.0393793,45469208.0,2.8135713623386605,0.0150508,14.0,1882.492956458865,1882.492956458865,0.0856186,0.13974044966312044,1680.0,14.0,430080.0,0.0842261,256.0,0.184447,10
256,100k_s10_r512_b256_rep1,94378.0,120,100k,100k_s316_r8192_b128_rep1,94378.0,100488,same_mesh_cell_order,0.0,0.0,1,256.0,256.0,2.7290552002527257,0.0,0.0,90946864.0,0.0310367,0.0,49152.0,90938416.0,2.9346052065160353,0.0288601,24.0,1403.5007303616228,1403.5007303616228,0.0485796,538.874762137312,19783680.0,19320.0,5064622080.0,0.826303,619.6274248066387,256.0,0.10827000000000009,0.14481150711819898,0.950128,0.7482071969102997,0.19528316184766684,512,1.056031004025641,45473432.0,0.0401034,45469208.0,2.860670124994036,0.014803,14.0,1875.8182708711424,1875.8182708711424,0.0855754,0.13974044966312044,1680.0,14.0,430080.0,0.0845258,256.0,0.185544,10
64,100k_s10_r512_b64_rep1,94378.0,120,100k,100k_s316_r8192_b128_rep1,94378.0,100488,same_mesh_cell_order,0.0,0.0,1,64.0,64.0,4.17596392702658,0.0,0.0,363787456.0,0.0811318,0.0,49152.0,363753664.0,2.9134158830606616,0.11628,24.0,939.0952232110321,939.0952232110321,0.138497,344.64421542956,19592448.0,76533.0,5015666688.0,1.23493,414.5983982897816,256.0,0.10827000000000009,0.14481150711819898,1.48559,0.5089349332697863,0.1297760485732941,512,0.9529650470591572,45473432.0,0.0444407,45469208.0,2.8067832242090454,0.0150872,14.0,1845.2166707786553,1845.2166707786553,0.092333,0.13974044966312044,1680.0,14.0,430080.0,0.0859276,256.0,0.192794,10
128,100k_s10_r64_b128_rep1,94378.0,120,100k,100k_s316_r8192_b128_rep1,94378.0,100488,same_mesh_cell_order,0.0,0.0,1,128.0,64.0,7.4395982424180795,0.0,0.0,45473432.0,0.00569257,0.0,6144.0,45469208.0,2.874495978786483,0.0147318,24.0,910.9192979810357,910.9192979810357,0.0354674,301.0560481689677,2423552.0,9467.0,620429312.0,0.159141,402.15909162315177,256.0,0.08752999999999989,0.1638604876834675,0.212585,0.49022618755874176,0.8907448785191806,64,1.0544560274390273,45473432.0,0.0401633,45469208.0,2.85546189212992,0.01483,14.0,1858.161234750202,1858.161234750202,0.0898027,0.13974044966312044,1680.0,14.0,430080.0,0.085329,256.0,0.189359,10
256,100k_s10_r64_b256_rep1,94378.0,120,100k,100k_s316_r8192_b128_rep1,94378.0,100488,same_mesh_cell_order,0.0,0.0,1,256.0,64.0,8.38351854091489,0.0,0.0,45473432.0,0.00505163,0.0,6144.0,45469208.0,2.8179900354215497,0.0150272,24.0,894.9316475701305,894.9316475701305,0.0348495,298.9103782617427,2423552.0,9467.0,620429312.0,0.161984,395.10075069142636,256.0,0.08752999999999989,0.1638604876834675,0.214111,0.47835468758819216,0.8722531770903877,64,1.012020669547974,45473432.0,0.0418474,45469208.0,2.8795976975109454,0.0147057,14.0,1870.8537217065232,1870.8537217065232,0.0895236,0.13974044966312044,1680.0,14.0,430080.0,0.0847501,256.0,0.186759,10
64,100k_s10_r64_b64_rep1,94378.0,120,100k,100k_s316_r8192_b128_rep1,94378.0,100488,same_mesh_cell_order,0.0,0.0,1,64.0,64.0,8.179328001568617,0.0,0.0,45473432.0,0.00517774,0.0,6144.0,45469208.0,2.877249832534072,0.0147177,24.0,839.7465547503606,839.7465547503606,0.034787,282.4883694241651,2423552.0,9467.0,620429312.0,0.172629,370.7372457698301,256.0,0.08752999999999989,0.1638604876834675,0.226558,0.4568446784723308,0.8302553871414825,64,1.0647340019218285,45473432.0,0.0397756,45469208.0,2.905181038973581,0.0145762,14.0,1838.1445474169414,1838.1445474169414,0.0885171,0.13974044966312044,1680.0,14.0,430080.0,0.0862582,256.0,0.188101,10
128,100k_s10_r8_b128_rep1,94378.0,120,100k,100k_s316_r8192_b128_rep1,94378.0,100488,same_mesh_cell_order,0.0,0.0,1,128.0,8.0,1.030195226939946,0.0,0.0,35241380.0,0.0318591,0.0,768.0,35238101.0,2.815718080862806,0.0116553,24.0,126.16061992188315,126.16061992188315,0.0627089,36.94382230021474,70408.0,8801.0,18024448.0,0.143631,55.69828240421636,256.0,0.21268900000000002,0.305741347702343,0.216545,0.07297135417443708,0.9472626936664436,8,0.8685967796994888,45473432.0,0.0487573,45469208.0,2.5843413113968627,0.0163858,14.0,1728.9061077350686,1728.9061077350686,0.0992075,0.13974044966312044,1680.0,14.0,430080.0,0.0917083,256.0,0.205125,10
256,100k_s10_r8_b256_rep1,94378.0,120,100k,100k_s316_r8192_b128_rep1,94378.0,100488,same_mesh_cell_order,0.0,0.0,1,256.0,8.0,1.0120876852765703,0.0,0.0,35241380.0,0.0324291,0.0,768.0,35238101.0,2.829799948943312,0.0115973,24.0,138.0699471205864,138.0699471205864,0.0641638,38.95123791903011,70408.0,8801.0,18024448.0,0.131242,60.956096371588366,256.0,0.21268900000000002,0.305741347702343,0.205385,0.07434963110676679,0.95501618910826,8,0.9216393427558343,45473432.0,0.0459512,45469208.0,2.758460076232727,0.0153515,14.0,1857.0360748974883,1857.0360748974883,0.0955107,0.13974044966312044,1680.0,14.0,430080.0,0.0853807,256.0,0.196146,10
64,100k_s10_r8_b64_rep1,94378.0,120,100k,100k_s316_r8192_b128_rep1,94378.0,100488,same_mesh_cell_order,0.0,0.0,1,64.0,8.0,0.0,0.0,0.0,0.0,5.7289e-05,0.0,768.0,35238101.0,2.8951302928720377,0.0113356,24.0,122.23810037776578,122.23810037776578,0.297375,17.427637182735314,70408.0,8801.0,18024448.0,0.14824,53.96654074473826,256.0,0.21268900000000002,0.305741347702343,0.459041,0.06623652763857836,1.1747077058476258,8,0.0,0.0,6.5281e-05,45469208.0,2.9163452701224974,0.0145204,14.0,1845.4786918294042,1845.4786918294042,0.438829,0.13974044966312044,1680.0,14.0,430080.0,0.0859154,256.0,0.539239,10
128,100k_s20_r1024_b128_rep1,94378.0,440,100k,100k_s316_r8192_b128_rep1,94378.0,100488,same_mesh_cell_order,0.0,0.0,1,128.0,128.0,2.872198406349111,3517.0,0.0,1332790500.0,5.89655,0.432163,98304.0,1332582997.0,2.9174405614895575,0.425395,24.0,1016.528639798047,1016.528639798047,0.714757,315.4408933384675,39567872.0,77281.0,10129375232.0,2.28172,448.7842504777098,256.0,0.09606999999999988,0.08364067789384834,3.24625,0.6744195663740568,0.21341547939930688,1024,1.2339859217544578,166730472.0,0.125836,166714976.0,2.760558789622356,0.0562442,14.0,1507.2644544749826,1507.2644544749826,0.277846,0.0717911424436428,6160.0,56.0,1576960.0,0.385711,256.0,0.6928,20
256,100k_s20_r1024_b256_rep1,94378.0,440,100k,100k_s316_r8192_b128_rep1,94378.0,100488,same_mesh_cell_order,0.0,0.0,1,256.0,256.0,2.2231470132505105,1760.0,0.0,666963744.0,3.77349,0.279405,98304.0,666859904.0,2.8975808428795213,0.214338,24.0,1130.995239883167,1130.995239883167,0.432694,381.68934810888584,40163328.0,39222.0,10281811968.0,2.05079,499.3197743308676,256.0,0.09606999999999988,0.08364067789384834,2.68281,0.7563858058373831,0.25694178864697836,1024,1.2434325148133725,166730472.0,0.12488,166714976.0,2.811969390615343,0.0552159,14.0,1495.2623795353477,1495.2623795353477,0.269717,0.0717911424436428,6160.0,56.0,1576960.0,0.388807,256.0,0.689326,20
64,100k_s20_r1024_b64_rep1,94378.0,440,100k,100k_s316_r8192_b128_rep1,94378.0,100488,same_mesh_cell_order,0.0,0.0,1,64.0,64.0,3.048430713164914,6820.0,0.0,2584484832.0,11.2957,0.789583,98304.0,2584082452.0,2.891526148914415,0.832299,24.0,740.0495596906349,740.0495596906349,1.02776,224.4245832584521,38873088.0,151848.0,9951510528.0,3.13416,326.7223115603543,256.0,0.09606999999999988,0.08364067789384834,4.56278,0.40857685847348146,0.13092588290472035,1024,1.3584456984252402,166730472.0,0.114307,166714976.0,2.8519052265092975,0.0544427,14.0,1811.2860391936943,1811.2860391936943,0.252895,0.0717911424436428,6160.0,56.0,1576960.0,0.32097,256.0,0.597386,20
128,100k_s20_r4096_b128_rep1,94378.0,440,100k,100k_s316_r8192_b128_rep1,94378.0,100488,same_mesh_cell_order,0.0,0.0,1,128.0,128.0,3.7890792517592686,14067.0,0.0,5330783464.0,18.8399,1.31026,393216.0,5329953511.0,2.9939119580490527,1.658,24.0,1173.1998634304748,1173.1998634304748,2.10699,376.59173447340595,158793216.0,310143.0,40651063296.0,7.90806,517.9525699096871,256.0,0.06552999999999987,0.07005687096530568,10.8765,0.6743379220759516,0.05754884383763159,4096,1.2854718074265203,166730472.0,0.120796,166714976.0,2.7737360107772426,0.055977,14.0,1739.7803460596954,1739.7803460596954,0.266149,0.0717911424436428,6160.0,56.0,1576960.0,0.334162,256.0,0.62593,20
256,100k_s20_r4096_b256_rep1,94378.0,440,100k,100k_s316_r8192_b128_rep1,94378.0,100488,same_mesh_cell_order,0.0,0.0,1,256.0,256.0,3.597294847869227,7040.0,0.0,2667854976.0,9.72705,0.690695,393216.0,2667439616.0,2.993818608524116,0.829792,24.0,1314.3985742093976,1314.3985742093976,1.02476,466.9360060555763,160736256.0,156969.0,41148481536.0,7.05854,580.2899749806618,256.0,0.06552999999999987,0.07005687096530568,8.77208,0.7313032815476097,0.06812124376430675,4096,1.360147265774622,166730472.0,0.114164,166714976.0,2.780919693140143,0.0558324,14.0,1797.3371751153927,1797.3371751153927,0.251459,0.0717911424436428,6160.0,56.0,1576960.0,0.323461,256.0,0.597565,20
64,100k_s20_r4096_b64_rep1,94378.0,440,100k,100k_s316_r8192_b128_rep1,94378.0,100488,same_mesh_cell_order,0.0,0.0,1,64.0,64.0,3.5974119881366953,27320.0,0.0,10353095336.0,38.6606,2.68028,393216.0,10351483456.0,2.92892912755019,3.2915,24.0,753.2830138676886,753.2830138676886,3.94543,231.1238510108847,155793664.0,608569.0,39883177984.0,12.3164,332.56471046734436,256.0,0.06552999999999987,0.07005687096530568,17.7221,0.4880266193486291,0.03790436799250653,4096,1.2378913451948275,166730472.0,0.125439,166714976.0,2.763821663989649,0.0561778,14.0,1543.5285371791772,1543.5285371791772,0.267833,0.0717911424436428,6160.0,56.0,1576960.0,0.376649,256.0,0.671745,20
128,100k_s20_r512_b128_rep1,94378.0,440,100k,100k_s316_r8192_b128_rep1,94378.0,100488,same_mesh_cell_order,0.0,0.0,1,128.0,128.0,2.624132445765954,1760.0,0.0,666963744.0,3.24749,0.23671,49152.0,666859904.0,3.0252747694789877,0.205291,24.0,1136.2532347033753,1136.2532347033753,0.395911,335.3177331997302,19762176.0,38598.0,5059117056.0,1.02065,501.64111105667956,256.0,0.10558000000000001,0.0929675774252398,1.52691,0.6197665175171666,0.38903471717390026,512,1.3486295039030558,166730472.0,0.115139,166714976.0,2.825067379585438,0.0549599,14.0,1833.356921660265,1833.356921660265,0.254214,0.0717911424436428,6160.0,56.0,1576960.0,0.317106,256.0,0.594021,20
256,100k_s20_r512_b256_rep1,94378.0,440,100k,100k_s316_r8192_b128_rep1,94378.0,100488,same_mesh_cell_order,0.0,0.0,1,256.0,256.0,2.0144719318343522,880.0,0.0,333481872.0,2.03571,0.154174,49152.0,333429952.0,2.97834170655511,0.104263,24.0,1364.0518278052223,1364.0518278052223,0.289264,416.20940535707024,20075520.0,19605.0,5139333120.0,0.8502,602.2112444130793,256.0,0.10558000000000001,0.0929675774252398,1.23015,0.7584154561035296,0.5076657318213226,512,1.258580225243716,166730472.0,0.123377,166714976.0,2.7199845256621513,0.0570832,14.0,1798.5548907629577,1798.5548907629577,0.278343,0.0717911424436428,6160.0,56.0,1576960.0,0.323242,256.0,0.624505,20
64,100k_s20_r512_b64_rep1,94378.0,440,100k,100k_s316_r8192_b128_rep1,94378.0,100488,same_mesh_cell_order,0.0,0.0,1,64.0,64.0,2.848975410964748,3418.0,9.0,1295275020.0,5.2747,0.423422,49152.0,1298483471.0,3.044127305630239,0.397259,24.0,930.2143737166324,930.2143737166324,0.666285,248.5050865884911,19422464.0,75869.0,4972150784.0,1.24672,410.6776180698152,256.0,0.10558000000000001,0.0929675774252398,2.06032,0.5084743593162484,0.28669915352954883,512,1.375253320785528,166730472.0,0.11291,166714976.0,2.8344692114163035,0.0547776,14.0,1829.4223822170754,1829.4223822170754,0.249935,0.0717911424436428,6160.0,56.0,1576960.0,0.317788,256.0,0.590692,20
128,100k_s20_r64_b128_rep1,94378.0,440,100k,100k_s316_r8192_b128_rep1,94378.0,100488,same_mesh_cell_order,0.0,0.0,1,128.0,64.0,1.2450740599985095,431.0,0.0,163330292.0,1.55683,0.122172,6144.0,163304863.0,3.0440427007262976,0.049963,24.0,861.986668648729,861.986668648729,0.234132,151.30989448499076,2442240.0,9540.0,625213440.0,0.168175,380.5559684852089,256.0,0.035883,0.06777284964648067,0.422973,0.5050798121159352,1.4864613107692453,64,1.291083074472599,166730472.0,0.120271,166714976.0,2.7807553353012087,0.0558357,14.0,1706.6345713514086,1706.6345713514086,0.263173,0.0717911424436428,6160.0,56.0,1576960.0,0.340652,256.0,0.628733,20
256,100k_s20_r64_b256_rep1,94378.0,440,100k,100k_s316_r8192_b128_rep1,94378.0,100488,same_mesh_cell_order,0.0,0.0,1,256.0,64.0,1.2044848566236004,431.0,0.0,163330292.0,1.65166,0.126289,6144.0,163304863.0,3.036415653421204,0.0500885,24.0,959.7190845354819,959.7190845354819,0.239269,155.48887890088798,2442240.0,9540.0,625213440.0,0.151049,423.7035663923628,256.0,0.035883,0.06777284964648067,0.411605,0.5903995546985571,1.5344079882411534,64,1.4160117859738643,166730472.0,0.10966,166714976.0,2.8710534226450957,0.0540796,14.0,1625.5416808799762,1625.5416808799762,0.247297,0.0717911424436428,6160.0,56.0,1576960.0,0.357646,256.0,0.63157,20
64,100k_s20_r64_b64_rep1,94378.0,440,100k,100k_s316_r8192_b128_rep1,94378.0,100488,same_mesh_cell_order,0.0,0.0,1,64.0,64.0,0.0,0.0,431.0,0.0,0.208303,0.975342,6144.0,163304863.0,3.0040887947536024,0.0506275,24.0,904.1132101360242,904.1132101360242,1.08636,50.49947133365948,2442240.0,9540.0,625213440.0,0.160339,399.1542918441552,256.0,0.035883,0.06777284964648067,1.26734,0.5274139702220206,0.5045970299998422,64,1.232634134423722,166730472.0,0.125974,166714976.0,2.695561500879815,0.0576004,14.0,1714.2382666796404,1714.2382666796404,0.275257,0.0717911424436428,6160.0,56.0,1576960.0,0.339141,256.0,0.639496,20
128,100k_s20_r8_b128_rep1,94378.0,440,100k,100k_s316_r8192_b128_rep1,94378.0,100488,same_mesh_cell_order,0.0,0.0,1,128.0,8.0,1.067401470696695,0.0,0.0,56081860.0,0.0489322,0.0,768.0,56076656.0,2.919662090384152,0.0178875,24.0,131.71799289094358,131.71799289094358,0.0979733,32.24103396995942,72144.0,9018.0,18468864.0,0.137571,58.15179071170523,256.0,0.14195000000000002,0.2319379207326282,0.248131,0.07356103346682756,2.507780164509876,8,1.218072265844791,166730472.0,0.12748,166714976.0,2.7610349638616456,0.0562345,14.0,1790.594648868575,1790.594648868575,0.274748,0.0717911424436428,6160.0,56.0,1576960.0,0.324679,256.0,0.622258,20
256,100k_s20_r8_b256_rep1,94378.0,440,100k,100k_s316_r8192_b128_rep1,94378.0,100488,same_mesh_cell_order,0.0,0.0,1,256.0,8.0,1.1217342483355524,0.0,0.0,56081860.0,0.0465621,0.0,768.0,56076656.0,2.8490393620469545,0.0183309,24.0,71.99790211457315,71.99790211457315,0.0971633,21.89555273954419,72144.0,9018.0,18468864.0,0.251682,31.78614283103281,256.0,0.14195000000000002,0.2319379207326282,0.365371,0.039374981230179455,1.670898894548281,8,1.24971712688644,166730472.0,0.124252,166714976.0,2.744393256361459,0.0565755,14.0,1828.5190205853214,1828.5190205853214,0.268303,0.0717911424436428,6160.0,56.0,1576960.0,0.317945,256.0,0.610498,20
64,100k_s20_r8_b64_rep1,94378.0,440,100k,100k_s316_r8192_b128_rep1,94378.0,100488,same_mesh_cell_order,0.0,0.0,1,64.0,8.0,0.0,0.0,0.0,0.0,3.979e-05,0.0,768.0,56076656.0,2.8224636226522835,0.0185035,24.0,122.91469502930323,122.91469502930323,0.390407,14.477332117237436,72144.0,9018.0,18468864.0,0.147424,54.26524853483829,256.0,0.14195000000000002,0.2319379207326282,0.552588,0.06689044621538652,2.6166692001997873,8,0.0,0.0,0.000199581,166714976.0,2.8137988523972037,0.05518,14.0,1837.5523259856757,1837.5523259856757,1.10572,0.0717911424436428,6160.0,56.0,1576960.0,0.316382,256.0,1.44594,20
128,100k_s224_r1024_b128_rep1,94378.0,50624,100k,100k_s316_r8192_b128_rep1,94378.0,100488,same_mesh_cell_order,0.0,0.0,1,128.0,128.0,1.712279684953118,23825.0,0.0,9028512604.0,73.5832,4.91068,98304.0,9027106929.0,2.9998959730115846,2.80248,24.0,1083.6703006517625,1083.6703006517625,9.03851,85.20268920987819,49708160.0,77669.0,12725288960.0,2.14035,478.4264255846006,256.0,0.026699999999999946,0.0256207661369692,12.0184,0.6912887066489789,11.571174199560675,1024,1.9881523033836386,76557058384.0,35.8621,132356243976.0,3.009292974841566,40.9619,14.0,1567.608858974209,1567.608858974209,94.5041,0.002135615973160966,708736.0,5544.0,181436416.0,42.6695,256.0,139.067,224
256,100k_s224_r1024_b256_rep1,94378.0,50624,100k,100k_s316_r8192_b128_rep1,94378.0,100488,same_mesh_cell_order,0.0,0.0,1,256.0,256.0,1.3100294732682416,23112.0,0.0,8758318692.0,91.9296,6.22644,98304.0,8756955084.0,2.9917095998323524,2.72605,24.0,1131.4255676801577,1131.4255676801577,10.7928,74.6100096905579,50598400.0,39530.0,12953190400.0,2.05001,499.509758488983,256.0,0.026699999999999946,0.0256207661369692,13.7247,0.7211283094328182,10.426894576930643,1024,1.9398269272390651,76558299416.0,36.7561,132355957768.0,3.022739098818804,40.7796,14.0,1568.9656790343543,1568.9656790343543,98.6287,0.002135615973160966,708736.0,5544.0,181436416.0,42.6326,256.0,143.106,224
64,100k_s224_r1024_b64_rep1,94378.0,50624,100k,100k_s316_r8192_b128_rep1,94378.0,100488,same_mesh_cell_order,0.0,0.0,1,64.0,64.0,2.1599683663897893,24193.0,0.0,9167965628.0,60.1324,3.95299,98304.0,9166538241.0,3.081383570143894,2.77051,24.0,898.9391199872878,898.9391199872878,7.07864,97.82380251819866,48602240.0,151882.0,12442173440.0,2.58019,396.8699979458877,256.0,0.026699999999999946,0.0256207661369692,10.4678,0.520370429422443,12.771355967825139,1024,1.9883276535178827,76556551696.0,35.8587,132355737600.0,3.0640289909709844,40.23,14.0,1727.498468706257,1727.498468706257,93.3359,0.002135615973160966,708736.0,5544.0,181436416.0,38.7202,256.0,133.688,224
128,100k_s224_r4096_b128_rep1,94378.0,50624,100k,100k_s316_r8192_b128_rep1,94378.0,100488,same_mesh_cell_order,0.0,0.0,1,128.0,128.0,1.945299893511853,95197.0,0.0,36075007636.0,262.486,17.2711,393216.0,36069391013.0,3.0035172610748604,11.1843,24.0,1073.5770661278957,1073.5770661278957,33.531,89.25127852020684,198455040.0,310086.0,50804490240.0,8.64189,473.9703930505942,256.0,0.009736000000000078,0.012523489013316461,45.8929,0.6742184970849158,3.112311490448414,4096,1.7607651920757914,76555602280.0,40.4926,132354698432.0,3.0314747909247637,40.6617,14.0,1592.3281113906935,1592.3281113906935,99.0006,0.002135615973160966,708736.0,5544.0,181436416.0,42.0071,256.0,142.833,224
64,100k_s224_r4096_b64_rep1,94378.0,50624,100k,100k_s316_r8192_b128_rep1,94378.0,100488,same_mesh_cell_order,0.0,0.0,1,64.0,64.0,1.9983775741927206,96709.0,0.0,36647978768.0,260.376,17.0794,393216.0,36642272937.0,3.001572301852349,11.3693,24.0,773.3379104776194,773.3379104776194,27.6349,91.32135037879632,192301312.0,606621.0,49229135872.0,11.997,341.4186880053347,256.0,0.009736000000000078,0.012523489013316461,44.8526,0.4562813811634235,3.0794647356006117,4096,1.885778899988432,76556150880.0,37.8085,132353386160.0,3.048161695544314,40.4387,14.0,1694.8706267736964,1694.8706267736964,96.9606,0.002135615973160966,708736.0,5544.0,181436416.0,39.4656,256.0,138.122,224
128,100k_s224_r512_b128_rep1,94378.0,50624,100k,100k_s316_r8192_b128_rep1,94378.0,100488,same_mesh_cell_order,0.0,0.0,1,128.0,128.0,1.5615474051335143,11898.0,0.0,4508760332.0,41.0292,2.68907,49152.0,4508058350.0,3.057625761256422,1.37311,24.0,1069.030967063964,1069.030967063964,4.79899,80.82887485258992,24920960.0,38939.0,6379765760.0,1.08483,471.9633490961718,256.0,0.044511999999999885,0.055725904215499104,6.33437,0.6334538515135117,22.080333166518535,512,1.8219425662586621,76557489464.0,39.1339,132351756792.0,3.0486443564324883,40.4318,14.0,1687.622491377592,1687.622491377592,98.5836,0.002135615973160966,708736.0,5544.0,181436416.0,39.6351,256.0,139.865,224
256,100k_s224_r512_b256_rep1,94378.0,50624,100k,100k_s316_r8192_b128_rep1,94378.0,100488,same_mesh_cell_order,0.0,0.0,1,256.0,256.0,1.0155998146621383,11553.0,0.0,4378020032.0,59.8037,4.01472,49152.0,4377338405.0,3.0217579409598936,1.34912,24.0,1137.9367545185155,1137.9367545185155,6.587,63.52199697277983,25378560.0,19827.0,6496911360.0,1.01914,502.38436328669275,256.0,0.044511999999999885,0.055725904215499104,8.0602,0.7003740000284743,17.499689833999156,512,1.8708668384011407,76560250768.0,38.1119,132354685536.0,3.023436624555665,40.7698,14.0,1624.755851119904,1624.755851119904,98.1145,0.002135615973160966,708736.0,5544.0,181436416.0,41.1687,256.0,141.051,224
64,100k_s224_r512_b64_rep1,94378.0,50624,100k,100k_s316_r8192_b128_rep1,94378.0,100488,same_mesh_cell_order,0.0,0.0,1,64.0,64.0,1.5881728286698746,12097.0,0.0,4584171152.0,40.936,2.68821,49152.0,4583457429.0,3.0325064458360957,1.40764,24.0,799.4188074722548,799.4188074722548,4.02573,85.0957742967549,24316480.0,75989.0,6225018880.0,1.4507,352.93306679534015,256.0,0.044511999999999885,0.055725904215499104,6.01675,0.4483821956926401,22.69946399634354,512,2.1084300492644132,76559986816.0,33.8176,132356120008.0,3.0755741134897194,40.0791,14.0,1782.8959649866329,1782.8959649866329,97.5484,0.002135615973160966,708736.0,5544.0,181436416.0,37.5171,256.0,136.577,224
128,100k_s224_r64_b128_rep1,94378.0,50624,100k,100k_s316_r8192_b128_rep1,94378.0,100488,same_mesh_cell_order,0.0,0.0,1,128.0,64.0,0.8016934363135376,1514.0,0.0,573728464.0,9.77437,0.666497,6144.0,573639138.0,3.0111263979436926,0.177423,24.0,527.7850480219612,527.7850480219612,1.10778,44.48769637147226,3020480.0,9439.0,773242880.0,0.274666,233.01027429678226,256.0,0.21883999999999992,0.21373534567169133,1.4386,0.33873626652068245,100.43723064090088,64,1.9734871124296336,76558764088.0,36.1294,132355283744.0,3.0011239380622423,41.0731,14.0,1558.1002100633823,1558.1002100633823,99.6882,0.002135615973160966,708736.0,5544.0,181436416.0,42.9299,256.0,144.489,224
256,100k_s224_r64_b256_rep1,94378.0,50624,100k,100k_s316_r8192_b128_rep1,94378.0,100488,same_mesh_cell_order,0.0,0.0,1,256.0,64.0,1.0636703087192867,1514.0,0.0,573728464.0,7.32949,0.502342,6144.0,573639138.0,3.0293445014763534,0.176356,24.0,941.1697245919521,941.1697245919521,0.865945,60.033018159987996,3020480.0,9439.0,773242880.0,0.154026,415.5142638255879,256.0,0.21883999999999992,0.21373534567169133,1.06608,0.5482582012070367,128.31494822152186,64,1.9611138236211527,76562234672.0,36.359,132354760520.0,3.0477486816559316,40.4446,14.0,1716.6541649899398,1716.6541649899398,96.2332,0.002135615973160966,708736.0,5544.0,181436416.0,38.9648,256.0,136.794,224
64,100k_s224_r64_b64_rep1,94378.0,50624,100k,100k_s316_r8192_b128_rep1,94378.0,100488,same_mesh_cell_order,0.0,0.0,1,64.0,64.0,0.12459020400792412,1514.0,0.0,573728464.0,64.037,4.28867,6144.0,573639138.0,2.8333841355075964,0.188553,24.0,834.3190754638796,834.3190754638796,6.14262,10.009900417131318,3020480.0,9439.0,773242880.0,0.173752,368.34108384363924,256.0,0.21883999999999992,0.21373534567169133,6.39367,0.6408042209014391,26.3546601560606,64,1.7281527635476728,76559783704.0,41.259,132356948264.0,2.63022935475939,46.8655,14.0,1301.9874842431861,1301.9874842431861,114.397,0.002135615973160966,708736.0,5544.0,181436416.0,51.3746,256.0,168.503,224
128,100k_s224_r8_b128_rep1,94378.0,50624,100k,100k_s316_r8192_b128_rep1,94378.0,100488,same_mesh_cell_order,0.0,0.0,1,128.0,8.0,1.299410509534718,0.0,0.0,72754900.0,0.0521454,0.0,768.0,72748156.0,2.877101493689608,0.0235487,24.0,126.95791324818363,126.95791324818363,0.106648,30.468877945483563,69728.0,8716.0,17850368.0,0.142729,56.05027709855741,256.0,0.3247300000000002,0.43010679526394197,0.262563,0.07640658980840327,510.3994089037679,8,2.1225534178223127,76558210704.0,33.5918,132357272952.0,3.042458015404899,40.5157,14.0,1661.6094706823399,1661.6094706823399,92.0467,0.002135615973160966,708736.0,5544.0,181436416.0,40.2556,256.0,134.012,224
256,100k_s224_r8_b256_rep1,94378.0,50624,100k,100k_s316_r8192_b128_rep1,94378.0,100488,same_mesh_cell_order,0.0,0.0,1,256.0,8.0,1.373925190225168,0.0,0.0,72754900.0,0.0493173,0.0,768.0,72748156.0,2.8843034642313703,0.0234899,24.0,127.34603005045891,127.34603005045891,0.0958494,31.75699547065852,69728.0,8716.0,17850368.0,0.142294,56.22162564830562,256.0,0.3247300000000002,0.43010679526394197,0.251913,0.07129000116436235,507.7229043360208,8,2.262883784023075,76559086072.0,31.509,132356757736.0,3.060857081407645,40.272,14.0,1786.309832663024,1786.309832663024,88.9557,0.002135615973160966,708736.0,5544.0,181436416.0,37.4454,256.0,127.902,224
64,100k_s224_r8_b64_rep1,94378.0,50624,100k,100k_s316_r8192_b128_rep1,94378.0,100488,same_mesh_cell_order,0.0,0.0,1,64.0,8.0,0.0,0.0,0.0,0.0,0.000533249,0.0,768.0,72748156.0,2.8669721835505597,0.0236319,24.0,127.97016949152543,127.97016949152543,0.655645,9.846844640177833,69728.0,8716.0,17850368.0,0.1416,56.497175141242934,256.0,0.3247300000000002,0.43010679526394197,0.812443,0.07635345273552649,165.61284914757096,8,2.028356126776206,76556663600.0,35.1511,132356680464.0,3.0440146492213986,40.4948,14.0,1676.023348083409,1676.023348083409,93.0118,0.002135615973160966,708736.0,5544.0,181436416.0,39.9094,256.0,134.551,224
128,100k_s30_r1024_b128_rep1,94378.0,960,100k,100k_s316_r8192_b128_rep1,94378.0,100488,same_mesh_cell_order,0.0,0.0,1,128.0,128.0,2.6382074234917887,7357.0,0.0,2787953652.0,14.0461,0.984185,98304.0,2787519589.0,2.9742328014996278,0.872857,24.0,1088.276925242459,1088.276925242459,1.8041,241.51740859367996,39291392.0,76741.0,10058596352.0,2.13129,480.4601907764781,256.0,0.06129999999999991,0.05989007801009619,4.23986,0.6897151892582829,0.33784370238639955,1024,1.1521349310713185,363771632.0,0.294053,363737840.0,2.7470888507794915,0.123315,14.0,1577.8642288750923,1577.8642288750923,0.582605,0.04731489275499365,13440.0,112.0,3440640.0,0.803897,256.0,1.43241,30
256,100k_s30_r1024_b256_rep1,94378.0,960,100k,100k_s316_r8192_b128_rep1,94378.0,100488,same_mesh_cell_order,0.0,0.0,1,256.0,256.0,2.0672393344630406,3832.0,0.0,1452146604.0,9.55123,0.654214,98304.0,1451920516.0,2.9871130889329196,0.45268,24.0,1141.7907492369795,1141.7907492369795,0.985322,315.03911838271716,39831552.0,38898.0,10196877312.0,2.0314,504.08585212168947,256.0,0.06129999999999991,0.05989007801009619,3.25039,0.728197921208456,0.425524321696781,1024,1.337214857023431,363771632.0,0.253354,363737840.0,2.803516105979931,0.120833,14.0,1567.967603288622,1567.967603288622,0.529414,0.04731489275499365,13440.0,112.0,3440640.0,0.808971,256.0,1.38312,30
64,100k_s30_r1024_b64_rep1,94378.0,960,100k,100k_s316_r8192_b128_rep1,94378.0,100488,same_mesh_cell_order,0.0,0.0,1,64.0,64.0,3.0803028584161787,12187.0,0.0,4618291672.0,20.3994,1.39633,98304.0,4617572639.0,2.97127809542158,1.44734,24.0,816.6473820413422,816.6473820413422,2.3221,180.86504359130154,38610688.0,150823.0,9884336128.0,2.84019,360.5392596974146,256.0,0.06129999999999991,0.05989007801009619,5.66168,0.521748595290154,0.2506305548883017,1024,1.246188232495823,363771632.0,0.27186,363737840.0,2.7168611132986835,0.124687,14.0,1565.2124211032892,1565.2124211032892,0.561303,0.04731489275499365,13440.0,112.0,3440640.0,0.810395,256.0,1.41899,30
128,100k_s30_r4096_b128_rep1,94378.0,960,100k,100k_s316_r8192_b128_rep1,94378.0,100488,same_mesh_cell_order,0.0,0.0,1,128.0,128.0,3.8786049212079647,29488.0,0.0,11174550896.0,39.662,2.68321,393216.0,11172811104.0,3.0331403262023224,3.4306,24.0,1204.3563314242394,1204.3563314242394,5.54029,285.87580873680025,157164032.0,306961.0,40233992192.0,7.70348,531.707747667288,256.0,0.0464,0.05024967833345074,14.3279,0.696894153217581,0.08874154621402996,4096,1.3758588556043925,363771632.0,0.246238,363737840.0,2.884636280784034,0.117435,14.0,1728.176834119917,1728.176834119917,0.505276,0.04731489275499365,13440.0,112.0,3440640.0,0.733976,256.0,1.27148,30
256,100k_s30_r4096_b256_rep1,94378.0,960,100k,100k_s316_r8192_b128_rep1,94378.0,100488,same_mesh_cell_order,0.0,0.0,1,256.0,256.0,3.5696370492034597,15334.0,0.0,5810858764.0,22.1802,1.51606,393216.0,5809954058.0,3.039940094774689,1.77995,24.0,1312.8901122880006,1312.8901122880006,2.24668,404.41539464070615,159314944.0,155581.0,40784625664.0,7.06665,579.62400854719,256.0,0.0464,0.05024967833345074,10.1282,0.7341010521251229,0.12315910033372168,4096,1.4164119140020168,363771632.0,0.239188,363737840.0,2.859386704317248,0.118472,14.0,1788.43240789175,1788.43240789175,0.500768,0.04731489275499365,13440.0,112.0,3440640.0,0.709247,256.0,1.24738,30
64,100k_s30_r4096_b64_rep1,94378.0,960,100k,100k_s316_r8192_b128_rep1,94378.0,100488,same_mesh_cell_order,0.0,0.0,1,64.0,64.0,3.64141920478798,49009.0,0.0,18572078072.0,70.4548,4.74996,393216.0,18569186541.0,2.9838886734231944,5.79576,24.0,807.7639945323316,807.7639945323316,7.73569,192.638717748535,154459904.0,603359.0,39541735424.0,11.4857,356.61735897681467,256.0,0.0464,0.05024967833345074,21.2626,0.5216000119403134,0.06614195818009086,4096,1.3458898259831895,363771632.0,0.251721,363737840.0,2.7547511761528884,0.122972,14.0,1548.6272546802854,1548.6272546802854,0.53505,0.04731489275499365,13440.0,112.0,3440640.0,0.819074,256.0,1.40635,30
128,100k_s30_r512_b128_rep1,94378.0,960,100k,100k_s316_r8192_b128_rep1,94378.0,100488,same_mesh_cell_order,0.0,0.0,1,128.0,128.0,2.1395349025918824,3679.0,0.0,1394167372.0,8.82933,0.60687,49152.0,1393950311.0,2.9510373330694217,0.439919,24.0,1066.67114042107,1066.67114042107,1.10709,216.75444092594788,19677696.0,38433.0,5037490176.0,1.08723,470.92151614653756,256.0,0.06740999999999997,0.06814787605159425,2.36212,0.6922445375600642,0.6124540666858584,512,1.1937629550714215,363771632.0,0.283799,363737840.0,2.74352914868494,0.123475,14.0,1540.8877680432659,1540.8877680432659,0.576449,0.04731489275499365,13440.0,112.0,3440640.0,0.823188,256.0,1.44669,30
256,100k_s30_r512_b256_rep1,94378.0,960,100k,100k_s316_r8192_b128_rep1,94378.0,100488,same_mesh_cell_order,0.0,0.0,1,256.0,256.0,1.4398161366797038,1914.0,0.0,725315500.0,6.71301,0.469159,49152.0,725202574.0,2.937226143476029,0.229944,24.0,1123.1363142450389,1123.1363142450389,0.753683,267.2791814575068,19946496.0,19479.0,5106302976.0,1.03257,495.8501602796905,256.0,0.06740999999999997,0.06814787605159425,1.9156,0.7222500307831083,0.747917101691376,512,1.2200601151184247,363771632.0,0.277682,363737840.0,2.765139675405053,0.12251,14.0,1555.0519437531414,1555.0519437531414,0.565997,0.04731489275499365,13440.0,112.0,3440640.0,0.81569,256.0,1.43271,30
64,100k_s30_r512_b64_rep1,94378.0,960,100k,100k_s316_r8192_b128_rep1,94378.0,100488,same_mesh_cell_order,0.0,0.0,1,64.0,64.0,1.516472766116288,5896.0,196.0,2234304732.0,9.70875,1.37217,49152.0,2308219428.0,2.922952163510467,0.735454,24.0,764.5812658227849,764.5812658227849,1.85413,138.6256565765961,19316480.0,75455.0,4945018880.0,1.5168,337.55274261603375,256.0,0.06740999999999997,0.06814787605159425,3.6934,0.49085834840265224,0.42240483023772135,512,0.8572806318133415,363771632.0,0.39519,363737840.0,2.7573746419264413,0.122855,14.0,1557.6413609157912,1557.6413609157912,0.692149,0.04731489275499365,13440.0,112.0,3440640.0,0.814334,256.0,1.56011,30
128,100k_s30_r64_b128_rep1,94378.0,960,100k,100k_s316_r8192_b128_rep1,94378.0,100488,same_mesh_cell_order,0.0,0.0,1,128.0,64.0,0.733041470867241,764.0,0.0,289520356.0,5.19587,0.367833,6144.0,289475280.0,2.860371357303227,0.0942517,24.0,781.813322115618,781.813322115618,0.5802,80.21929951003555,2394624.0,9354.0,613023744.0,0.185421,345.16047265412226,256.0,0.08439799999999997,0.10201411417640384,0.797813,0.5071954401836132,1.8341390777036726,64,1.1876239470750611,363771632.0,0.285266,363737840.0,2.738383936510246,0.123707,14.0,1541.4439093391468,1541.4439093391468,0.588861,0.04731489275499365,13440.0,112.0,3440640.0,0.822891,256.0,1.4633,30
256,100k_s30_r64_b256_rep1,94378.0,960,100k,100k_s316_r8192_b128_rep1,94378.0,100488,same_mesh_cell_order,0.0,0.0,1,256.0,64.0,0.7270112578421013,764.0,0.0,289520356.0,5.28809,0.370884,6144.0,289475280.0,2.9770013765264767,0.0905592,24.0,903.0374883199402,903.0374883199402,0.619915,79.27267322317735,2394624.0,9354.0,613023744.0,0.16053,398.6793745717311,256.0,0.08439799999999997,0.10201411417640384,0.80734,0.5793758176041861,2.061981321376372,64,0.7059642898682303,363771632.0,0.479895,363737840.0,2.7686425698489883,0.122355,14.0,1558.6385570149407,1558.6385570149407,0.802746,0.04731489275499365,13440.0,112.0,3440640.0,0.813813,256.0,1.66472,30
64,100k_s30_r64_b64_rep1,94378.0,960,100k,100k_s316_r8192_b128_rep1,94378.0,100488,same_mesh_cell_order,0.0,0.0,1,64.0,64.0,0.0,0.0,764.0,0.0,1.64285,2.43293,6144.0,289475280.0,2.921940255773668,0.0922657,24.0,748.1426462846939,748.1426462846939,2.62957,22.3730069670942,2394624.0,9354.0,613023744.0,0.193766,330.2953046458099,256.0,0.08439799999999997,0.10201411417640384,2.86059,0.48312176247933813,0.5012951873564544,64,1.2242175222368887,363771632.0,0.276739,363737840.0,2.750322819143241,0.12317,14.0,1548.5591922940753,1548.5591922940753,0.564557,0.04731489275499365,13440.0,112.0,3440640.0,0.81911,256.0,1.434,30
128,100k_s30_r8_b128_rep1,94378.0,960,100k,100k_s316_r8192_b128_rep1,94378.0,100488,same_mesh_cell_order,0.0,0.0,1,128.0,8.0,0.9506504850132819,0.0,0.0,65556036.0,0.0642232,0.0,768.0,65549957.0,2.7283847616635337,0.0223752,24.0,114.4973272168935,114.4973272168935,0.12529,26.813425482138907,71696.0,8962.0,18354176.0,0.158262,50.54908948452566,256.0,0.2661499999999999,0.3370190280121984,0.298358,0.07298846217032515,4.820014881451143,8,1.1823807297860072,363771632.0,0.286531,363737840.0,2.7521774162492627,0.123087,14.0,1568.7044748210158,1568.7044748210158,0.581182,0.04731489275499365,13440.0,112.0,3440640.0,0.808591,256.0,1.43809,30
256,100k_s30_r8_b256_rep1,94378.0,960,100k,100k_s316_r8192_b128_rep1,94378.0,100488,same_mesh_cell_order,0.0,0.0,1,256.0,8.0,1.0326401500085411,0.0,0.0,65556036.0,0.059124,0.0,768.0,65549957.0,2.9045515398239568,0.0210181,24.0,105.8865437206367,105.8865437206367,0.126319,25.584690121431336,71696.0,8962.0,18354176.0,0.171132,46.7475399107122,256.0,0.2661499999999999,0.3370190280121984,0.312687,0.06865986489960967,4.7459280366628604,8,1.082305671707737,363771632.0,0.313025,363737840.0,2.711815349417406,0.124919,14.0,1542.1898058706881,1542.1898058706881,0.605108,0.04731489275499365,13440.0,112.0,3440640.0,0.822493,256.0,1.48399,30
64,100k_s30_r8_b64_rep1,94378.0,960,100k,100k_s316_r8192_b128_rep1,94378.0,100488,same_mesh_cell_order,0.0,0.0,1,64.0,8.0,0.0,0.0,0.0,0.0,5.1387e-05,0.0,768.0,65549957.0,2.8287786405314796,0.0215811,24.0,115.12290822225894,115.12290822225894,0.549917,11.0684514544637,71696.0,8962.0,18354176.0,0.157402,50.82527540946113,256.0,0.2661499999999999,0.3370190280121984,0.722775,0.07308320642141052,5.242184635605825,8,0.0,0.0,0.000430821,363737840.0,2.7441069723843285,0.123449,14.0,1575.2306700726865,1575.2306700726865,2.93317,0.04731489275499365,13440.0,112.0,3440640.0,0.805241,256.0,3.78892,30
128,100k_s316_r8192_b128_rep1,94378.0,100488,100k,100k_s316_r8192_b128_rep1,94378.0,100488,same_mesh_cell_order,0.0,0.0,1,128.0,128.0,2.3651507770027513,193717.0,0.0,73409321076.0,438.828,28.9063,786432.0,73397891773.0,3.1007849153498332,22.0451,24.0,1198.1474432419868,1198.1474432419868,57.0515,101.39605233680025,397990400.0,621860.0,101885542400.0,15.4868,528.9666038174445,256.0,0.0062829999999999275,0.008276968860737907,80.7921,0.670569712938243,5.8764037572980525,8192,1.4472960925175493,341379858912.0,219.675,396828126024.0,3.117171683846351,118.561,14.0,1786.760451783679,1786.760451783679,397.921,0.0,1406832.0,11004.0,360148992.0,74.3099,256.0,474.767,316
128,100k_s70_r1024_b128_rep1,94378.0,5040,100k,100k_s316_r8192_b128_rep1,94378.0,100488,same_mesh_cell_order,0.0,0.0,1,128.0,128.0,2.270405747879584,18410.0,0.0,6976507640.0,43.254,2.86177,98304.0,6975421450.0,3.0236195108501747,2.14854,24.0,1098.3519410533493,1098.3519410533493,5.12471,129.21820462409366,49617920.0,77528.0,12702187520.0,2.11174,484.9081799842783,256.0,0.04596,0.042371534684476984,7.92458,0.6087989212751596,0.7689341264773654,1024,1.6834087917997584,1909799328.0,1.05657,1909621968.0,2.8120389719029757,0.63245,14.0,1804.1292496918304,1804.1292496918304,2.24863,0.017969905743432036,70560.0,560.0,18063360.0,3.69115,256.0,6.09348,70
256,100k_s70_r1024_b256_rep1,94378.0,5040,100k,100k_s316_r8192_b128_rep1,94378.0,100488,same_mesh_cell_order,0.0,0.0,1,256.0,256.0,1.6513644645723002,14225.0,0.0,5390591080.0,45.7805,3.04014,98304.0,5389751805.0,3.0253301475846786,1.65919,24.0,1204.731662572003,1204.731662572003,5.21491,134.2447291901005,50494720.0,39449.0,12926648320.0,1.92527,531.8734515158912,256.0,0.04596,0.042371534684476984,7.62786,0.7693278112171492,0.9031209277569332,1024,1.509944587759982,1909799328.0,1.17795,1909621968.0,2.8028563986434465,0.634522,14.0,1565.9536091201535,1565.9536091201535,2.4369,0.017969905743432036,70560.0,560.0,18063360.0,4.25256,256.0,6.88888,70
64,100k_s70_r1024_b64_rep1,94378.0,5040,100k,100k_s316_r8192_b128_rep1,94378.0,100488,same_mesh_cell_order,0.0,0.0,1,64.0,64.0,1.6366034344801597,20773.0,372.0,7871971872.0,47.2191,4.47961,98304.0,8011694693.0,2.999815917001872,2.48731,24.0,801.7815400038024,801.7815400038024,7.34961,92.80069600522005,48417280.0,151304.0,12394823680.0,2.89285,353.9761826572411,256.0,0.04596,0.042371534684476984,11.0344,0.44293136055950283,0.5687259841948815,1024,1.473273772355704,1909799328.0,1.20727,1909621968.0,2.8226520902056227,0.630072,14.0,1810.1710815666938,1810.1710815666938,2.44838,0.017969905743432036,70560.0,560.0,18063360.0,3.67883,256.0,6.27555,70
128,100k_s70_r4096_b128_rep1,94378.0,5040,100k,100k_s316_r8192_b128_rep1,94378.0,100488,same_mesh_cell_order,0.0,0.0,1,128.0,128.0,3.0990210225419754,73554.0,0.0,27873442816.0,126.309,8.37657,393216.0,27869103130.0,2.9829499606093774,8.70116,24.0,1038.6458161349583,1038.6458161349583,19.1052,134.75811970311102,198535680.0,310212.0,50825134080.0,8.93253,458.5486978493215,256.0,0.022540000000000004,0.02199050004198293,30.3952,0.563255329593262,0.19754829709954205,4096,1.7047714789681794,1909799328.0,1.04333,1909621968.0,2.8187688968523745,0.63094,14.0,1844.0053055245573,1844.0053055245573,2.24904,0.017969905743432036,70560.0,560.0,18063360.0,3.61133,256.0,6.00452,70
256,100k_s70_r4096_b256_rep1,94378.0,5040,100k,100k_s316_r8192_b128_rep1,94378.0,100488,same_mesh_cell_order,0.0,0.0,1,256.0,256.0,2.4652207220656512,56750.0,0.0,21505531696.0,123.004,8.12446,393216.0,21502183446.0,3.015852068846118,6.64007,24.0,1125.4101425665374,1125.4101425665374,14.5791,163.6553967125083,202105600.0,157895.0,51739033600.0,8.24387,496.85402608241037,256.0,0.022540000000000004,0.02199050004198293,25.0282,0.720925051967494,0.2935764457691724,4096,1.1583151380959602,1909799328.0,1.53554,1909621968.0,2.7382876988194274,0.649484,14.0,1561.0639961742947,1561.0639961742947,2.88489,0.017969905743432036,70560.0,560.0,18063360.0,4.26588,256.0,7.34769,70
64,100k_s70_r4096_b64_rep1,94378.0,5040,100k,100k_s316_r8192_b128_rep1,94378.0,100488,same_mesh_cell_order,0.0,0.0,1,64.0,64.0,3.4124681237370855,84659.0,37.0,32081699152.0,128.633,8.75566,393216.0,32090723344.0,3.044946021180077,9.81522,24.0,836.698824187221,836.698824187221,17.2236,132.43833986471628,192976704.0,606849.0,49402036224.0,11.0885,369.3917121341931,256.0,0.022540000000000004,0.02199050004198293,30.9276,0.45643999988957124,0.19690923317683878,4096,1.6437984410338629,1909799328.0,1.08203,1909621968.0,2.825549068166928,0.629426,14.0,1833.09706508993,1833.09706508993,2.30915,0.017969905743432036,70560.0,560.0,18063360.0,3.63282,256.0,6.08993,70
128,100k_s70_r512_b128_rep1,94378.0,5040,100k,100k_s316_r8192_b128_rep1,94378.0,100488,same_mesh_cell_order,0.0,0.0,1,128.0,128.0,1.7531057514871438,9225.0,0.0,3495829880.0,27.8061,1.85713,49152.0,3495285605.0,3.07228388340807,1.05955,24.0,1242.2946756819292,1242.2946756819292,3.67289,105.84723267371764,24771840.0,38706.0,6341591040.0,0.933528,548.4570361038983,256.0,0.04525000000000001,0.04001315747460355,4.83716,0.6734735268334995,1.264355530931373,512,1.5456347835341047,1909799328.0,1.15075,1909621968.0,2.814330663406896,0.631935,14.0,1844.608030137252,1844.608030137252,2.36222,0.017969905743432036,70560.0,560.0,18063360.0,3.61015,256.0,6.11589,70
256,100k_s70_r512_b256_rep1,94378.0,5040,100k,100k_s316_r8192_b128_rep1,94378.0,100488,same_mesh_cell_order,0.0,0.0,1,256.0,256.0,1.123152381624671,7142.0,0.0,2706474756.0,33.5798,2.24422,49152.0,2706053378.0,3.038438611796693,0.829442,24.0,1262.3675431377928,1262.3675431377928,3.80496,103.22976081745067,25217280.0,19701.0,6455623680.0,0.918684,557.3189475380001,256.0,0.04525000000000001,0.04001315747460355,4.95981,0.7506763964081482,1.2708248904695945,512,1.763945560631808,1909799328.0,1.00833,1909621968.0,2.8638274042250917,0.621013,14.0,1681.6401170704114,1681.6401170704114,2.17138,0.017969905743432036,70560.0,560.0,18063360.0,3.96001,256.0,6.30305,70
64,100k_s70_r512_b64_rep1,94378.0,5040,100k,100k_s316_r8192_b128_rep1,94378.0,100488,same_mesh_cell_order,0.0,0.0,1,64.0,64.0,0.2820719260301592,7262.0,3314.0,2751950336.0,13.6365,9.08617,49152.0,4007171652.0,3.0433753199703166,1.22626,24.0,856.7395053337668,856.7395053337668,10.9471,40.379185791574,24186880.0,75584.0,6191841280.0,1.35364,378.23941372890874,256.0,0.04525000000000001,0.04001315747460355,12.6798,0.47280055368975404,0.4890842126847426,512,1.5941198540460415,1909799328.0,1.11575,1909621968.0,2.7537548971875787,0.645836,14.0,1812.0526692444375,1812.0526692444375,2.38052,0.017969905743432036,70560.0,560.0,18063360.0,3.67501,256.0,6.20149,70
128,100k_s70_r64_b128_rep1,94378.0,5040,100k,100k_s316_r8192_b128_rep1,94378.0,100488,same_mesh_cell_order,0.0,0.0,1,128.0,64.0,0.6527184770701983,1317.0,0.0,499082396.0,10.3746,0.712109,6144.0,499004693.0,3.0386908207191525,0.152939,24.0,653.5854895648763,653.5854895648763,1.20828,43.688392540206976,3005760.0,9393.0,769474560.0,0.221799,288.5495426038891,256.0,0.07579000000000002,0.09633202319576643,1.46492,0.35412487981319607,4.083478961308467,64,1.718691275463697,1909799328.0,1.03488,1909621968.0,2.809826475129137,0.632948,14.0,1845.6356128088155,1845.6356128088155,2.23188,0.017969905743432036,70560.0,560.0,18063360.0,3.60814,256.0,5.98197,70
256,100k_s70_r64_b256_rep1,94378.0,5040,100k,100k_s316_r8192_b128_rep1,94378.0,100488,same_mesh_cell_order,0.0,0.0,1,256.0,64.0,0.5781357654006428,1317.0,0.0,499082396.0,11.7461,0.803975,6144.0,499004693.0,2.9296934068169533,0.158629,24.0,769.5492419416487,769.5492419416487,1.33554,41.130312397575885,3005760.0,9393.0,769474560.0,0.188376,339.7460398352232,256.0,0.07579000000000002,0.09633202319576643,1.55603,0.4226914531047906,3.8921614621826057,64,1.6869853149885432,1909799328.0,1.05433,1909621968.0,2.8407950313395087,0.626048,14.0,1820.5933341899572,1820.5933341899572,2.25351,0.017969905743432036,70560.0,560.0,18063360.0,3.65777,256.0,6.05632,70
64,100k_s70_r64_b64_rep1,94378.0,5040,100k,100k_s316_r8192_b128_rep1,94378.0,100488,same_mesh_cell_order,0.0,0.0,1,64.0,64.0,0.0,0.0,1317.0,0.0,1.72758,3.30442,6144.0,499004693.0,3.0645393997320554,0.151649,24.0,768.7575330116138,768.7575330116138,3.73979,16.138549447002514,3005760.0,9393.0,769474560.0,0.18857,339.3965105796256,256.0,0.07579000000000002,0.09633202319576643,3.96566,0.4151950646090753,1.480906078685515,64,1.66159637826676,1909799328.0,1.07044,1909621968.0,2.8798773994417264,0.617552,14.0,1851.557493188011,1851.557493188011,2.14016,0.017969905743432036,70560.0,560.0,18063360.0,3.5966,256.0,5.87277,70
128,100k_s70_r8_b128_rep1,94378.0,5040,100k,100k_s316_r8192_b128_rep1,94378.0,100488,same_mesh_cell_order,0.0,0.0,1,128.0,8.0,2.057267393293201,0.0,0.0,71239192.0,0.0322499,0.0,768.0,71232588.0,2.9242674953356507,0.0226862,24.0,139.8807808990065,139.8807808990065,0.0774041,36.87366621035505,71264.0,8908.0,18243584.0,0.129543,61.75555607018519,256.0,0.17840699999999998,0.24456687252410086,0.216957,0.07719738582849674,29.154025912968926,8,1.3359164992878705,1909799328.0,1.3314,1909621968.0,2.7893912933648646,0.637585,14.0,1811.988571863929,1811.988571863929,2.4692,0.017969905743432036,70560.0,560.0,18063360.0,3.67514,256.0,6.32517,70
256,100k_s70_r8_b256_rep1,94378.0,5040,100k,100k_s316_r8192_b128_rep1,94378.0,100488,same_mesh_cell_order,0.0,0.0,1,256.0,8.0,2.0054428580875063,0.0,0.0,71239192.0,0.0330833,0.0,768.0,71232588.0,2.922361008443841,0.022701,24.0,89.30263365399779,89.30263365399779,0.0774849,27.313449142357697,71264.0,8908.0,18243584.0,0.202912,39.42595805078063,256.0,0.17840699999999998,0.24456687252410086,0.292896,0.048446188126725215,20.33151698896537,8,1.5645466619329638,1909799328.0,1.13684,1909621968.0,2.8751193030745505,0.618574,14.0,1843.336640240932,1843.336640240932,2.20389,0.017969905743432036,70560.0,560.0,18063360.0,3.61264,256.0,5.95502,70
64,100k_s70_r8_b64_rep1,94378.0,5040,100k,100k_s316_r8192_b128_rep1,94378.0,100488,same_mesh_cell_order,0.0,0.0,1,64.0,8.0,0.0,0.0,0.0,0.0,5.7212e-05,0.0,768.0,71232588.0,2.867179703114096,0.0231379,24.0,150.61195382045165,150.61195382045165,0.531959,12.080431513013645,71264.0,8908.0,18243584.0,0.120313,66.49323015800454,256.0,0.17840699999999998,0.24456687252410086,0.662228,0.08268591487362525,26.34878017842797,8,0.0,0.0,0.00201859,1909621968.0,2.858428263863277,0.622186,14.0,1821.4946771846521,1821.4946771846521,13.6476,0.017969905743432036,70560.0,560.0,18063360.0,3.65596,256.0,17.4489,70
128,10k_s100_r1024_b128_rep1,9187.0,10200,10k,10k_s316_r8192_b128_rep1,9187.0,100488,same_mesh_cell_order,0.0,0.0,1,128.0,128.0,1.5716518866600082,21221.0,0.0,792769720.0,6.91103,0.469776,98304.0,791517681.0,2.934909501262469,0.251169,24.0,493.2089467142299,493.2089467142299,0.668573,828.5594070621743,3606016.0,28172.0,923140096.0,0.457777,2236.897004436658,256.0,0.011050999999999978,0.021454042561192748,1.23588,0.33174573587378237,1.1638346765058096,1024,1.5286036621189243,380808896.0,0.232013,380449976.0,2.0183517582495982,0.17555,14.0,1486.707720342421,1486.707720342421,0.475356,0.010331462357188917,142800.0,1120.0,36556800.0,0.882422,256.0,1.43836,100
256,10k_s100_r1024_b256_rep1,9187.0,10200,10k,10k_s316_r8192_b128_rep1,9187.0,100488,same_mesh_cell_order,0.0,0.0,1,256.0,256.0,1.1353227045970853,18492.0,0.0,690820964.0,8.52335,0.566691,98304.0,689729936.0,2.950657368523292,0.217701,24.0,773.3267753348929,773.3267753348929,0.917123,787.7710848007878,3639552.0,14217.0,931725312.0,0.291959,3507.3417842916297,256.0,0.011050999999999978,0.021454042561192748,1.29987,0.5399667623412416,1.1475532168601474,1024,1.5733535692512355,380808896.0,0.225414,380449976.0,1.9865533256375703,0.17836,14.0,1432.1747730949692,1432.1747730949692,0.470389,0.010331462357188917,142800.0,1120.0,36556800.0,0.916022,256.0,1.49167,100
64,10k_s100_r1024_b64_rep1,9187.0,10200,10k,10k_s316_r8192_b128_rep1,9187.0,100488,same_mesh_cell_order,0.0,0.0,1,64.0,64.0,1.321583874345581,22856.0,0.0,853847648.0,8.34119,0.601708,98304.0,852499144.0,2.878555622761448,0.275816,24.0,255.29370686302002,255.29370686302002,0.444816,689.3812399437185,3575936.0,55874.0,915439616.0,0.884392,1157.8576016065274,256.0,0.011050999999999978,0.021454042561192748,1.48539,0.17259492444545865,0.9988218582325181,1024,1.3854937590699123,380808896.0,0.255978,380449976.0,1.9270226309931855,0.18387,14.0,1479.1495618035676,1479.1495618035676,0.514945,0.010331462357188917,142800.0,1120.0,36556800.0,0.886931,256.0,1.48364,100
128,10k_s100_r4096_b128_rep1,9187.0,10200,10k,10k_s316_r8192_b128_rep1,9187.0,100488,same_mesh_cell_order,0.0,0.0,1,128.0,128.0,2.160124705395026,85033.0,0.0,3176672484.0,20.0008,1.3696,393216.0,3171655537.0,2.9412458681963973,1.00428,24.0,441.58188138999316,441.58188138999316,1.83129,951.5136873013809,14440064.0,112813.0,3696656384.0,2.04519,2002.7479109520389,256.0,0.010653999999999997,0.017381265682337735,4.30472,0.29013253602087724,0.32481322827036374,4096,1.564469820371064,380808896.0,0.226694,380449976.0,2.1252753221650753,0.166718,14.0,1522.0005568703884,1522.0005568703884,0.459337,0.010331462357188917,142800.0,1120.0,36556800.0,0.86196,256.0,1.39823,100
256,10k_s100_r4096_b256_rep1,9187.0,10200,10k,10k_s316_r8192_b128_rep1,9187.0,100488,same_mesh_cell_order,0.0,0.0,1,256.0,256.0,2.1851549692266437,74055.0,0.0,2766560156.0,17.7012,1.17912,393216.0,2762190911.0,2.9814572404900086,0.86283,24.0,861.286178319044,861.286178319044,2.22809,1135.0882492316816,14553856.0,56851.0,3725787136.0,1.04857,3906.2723518696894,256.0,0.010653999999999997,0.017381265682337735,3.60853,0.5719826584152262,0.38927762828631046,4096,1.601025295728555,380808896.0,0.221518,380449976.0,2.1024123227223304,0.168531,14.0,1505.790718735043,1505.790718735043,0.455327,0.010331462357188917,142800.0,1120.0,36556800.0,0.871239,256.0,1.40472,100
64,10k_s100_r4096_b64_rep1,9187.0,10200,10k,10k_s316_r8192_b128_rep1,9187.0,100488,same_mesh_cell_order,0.0,0.0,1,64.0,64.0,1.9279379107359476,91412.0,0.0,3414973652.0,22.9223,1.64966,393216.0,3409580344.0,2.8848564070175966,1.10072,24.0,297.7033537489864,297.7033537489864,1.41046,817.5240756449278,14311616.0,223619.0,3663773696.0,3.03362,1350.2020688154746,256.0,0.010653999999999997,0.017381265682337735,5.01025,0.20016144319688176,0.2915822563744324,4096,1.4760539946610647,380808896.0,0.240273,380449976.0,1.8508911794764593,0.191433,14.0,1487.3161833478637,1487.3161833478637,0.500777,0.010331462357188917,142800.0,1120.0,36556800.0,0.882061,256.0,1.4609,100
128,10k_s100_r512_b128_rep1,9187.0,10200,10k,10k_s316_r8192_b128_rep1,9187.0,100488,same_mesh_cell_order,0.0,0.0,1,128.0,128.0,1.0354016358213167,10601.0,0.0,396031248.0,5.34135,0.356222,49152.0,395405789.0,2.9397938548133915,0.125264,24.0,625.1411040906398,625.1411040906398,0.53309,666.2571960982312,1804928.0,14101.0,462061568.0,0.180583,2835.261347967417,256.0,0.022338999999999998,0.042521702431902716,0.768472,0.4209638799672974,1.929634391363641,512,1.434489135677384,380808896.0,0.247235,380449976.0,1.8327392742977877,0.193329,14.0,1485.0231429337928,1485.0231429337928,0.512739,0.010331462357188917,142800.0,1120.0,36556800.0,0.883423,256.0,1.48287,100
256,10k_s100_r512_b256_rep1,9187.0,10200,10k,10k_s316_r8192_b128_rep1,9187.0,100488,same_mesh_cell_order,0.0,0.0,1,256.0,256.0,0.7883007794378132,9241.0,0.0,345224712.0,6.18022,0.407859,49152.0,344679493.0,2.8967116609027217,0.110818,24.0,1056.7836441249158,1056.7836441249158,0.607589,674.8972495300764,1821440.0,7115.0,466288640.0,0.106824,4792.9304276192615,256.0,0.022338999999999998,0.042521702431902716,0.758634,0.7325474588846997,1.9907491623101523,512,1.390872987980603,380808896.0,0.254988,380449976.0,1.8749062136443186,0.188981,14.0,1442.61457917534,1442.61457917534,0.515124,0.010331462357188917,142800.0,1120.0,36556800.0,0.909393,256.0,1.51025,100
64,10k_s100_r512_b64_rep1,9187.0,10200,10k,10k_s316_r8192_b128_rep1,9187.0,100488,same_mesh_cell_order,0.0,0.0,1,64.0,64.0,0.6819026232142043,11437.0,0.0,427261348.0,8.64197,0.583541,49152.0,426586565.0,2.8041141579475948,0.141681,24.0,194.29164264336103,194.29164264336103,0.504685,433.09451103460526,1788672.0,27948.0,457900032.0,0.581033,881.1891923522415,256.0,0.022338999999999998,0.042521702431902716,1.18219,0.13294168122214436,1.2909261624611947,512,1.3460398338369672,380808896.0,0.263481,380449976.0,1.8258637985783404,0.194057,14.0,1461.480258540596,1461.480258540596,0.530732,0.010331462357188917,142800.0,1120.0,36556800.0,0.897654,256.0,1.52612,100
128,10k_s100_r64_b128_rep1,9187.0,10200,10k,10k_s316_r8192_b128_rep1,9187.0,100488,same_mesh_cell_order,0.0,0.0,1,128.0,64.0,0.4190049420362976,1426.0,0.0,53271680.0,1.77546,0.118407,6144.0,53187546.0,2.747291367812095,0.0180304,24.0,352.9652243297123,352.9652243297123,0.157895,308.8221811531613,224256.0,3504.0,57409536.0,0.0399791,1600.8364370383526,256.0,0.04320199999999996,0.07634711831383721,0.207239,0.23465894543344282,6.79577685667273,64,1.545914266544027,380808896.0,0.229415,380449976.0,2.075078044408039,0.170751,14.0,1504.1626632973391,1504.1626632973391,0.465679,0.010331462357188917,142800.0,1120.0,36556800.0,0.872182,256.0,1.40835,100
256,10k_s100_r64_b256_rep1,9187.0,10200,10k,10k_s316_r8192_b128_rep1,9187.0,100488,same_mesh_cell_order,0.0,0.0,1,256.0,64.0,0.4276624271329359,1426.0,0.0,53271680.0,1.74033,0.11601,6144.0,53187546.0,2.9454120848515366,0.0168176,24.0,332.2291074152901,332.2291074152901,0.152115,312.4740622116328,224256.0,3504.0,57409536.0,0.0424744,1506.789972312734,256.0,0.04320199999999996,0.07634711831383721,0.204817,0.2217179399965211,7.031740529350591,64,1.5320902929312827,380808896.0,0.231485,380449976.0,1.9493392631184057,0.181765,14.0,1498.431328653437,1498.431328653437,0.479819,0.010331462357188917,142800.0,1120.0,36556800.0,0.875518,256.0,1.44022,100
64,10k_s100_r64_b64_rep1,9187.0,10200,10k,10k_s316_r8192_b128_rep1,9187.0,100488,same_mesh_cell_order,0.0,0.0,1,64.0,64.0,0.2849723613808998,1426.0,0.0,53271680.0,2.63094,0.174098,6144.0,53187546.0,2.723635689129554,0.018187,24.0,306.7745827599476,306.7745827599476,0.231949,221.470912910024,224256.0,3504.0,57409536.0,0.0459987,1391.3436684080202,256.0,0.04320199999999996,0.07634711831383721,0.288977,0.206270323350205,5.013028718548536,64,1.3891296843780767,380808896.0,0.255308,380449976.0,2.1390680630072927,0.165643,14.0,1487.2453670376362,1487.2453670376362,0.486139,0.010331462357188917,142800.0,1120.0,36556800.0,0.882103,256.0,1.44865,100
128,10k_s100_r8_b128_rep1,9187.0,10200,10k,10k_s316_r8192_b128_rep1,9187.0,100488,same_mesh_cell_order,0.0,0.0,1,128.0,8.0,0.9000375497729249,0.0,0.0,7093792.0,0.00734037,0.0,768.0,7087118.0,2.3785628506328766,0.00277495,24.0,50.76041163063748,50.76041163063748,0.0136909,149.8421974358254,26712.0,3339.0,6838272.0,0.0347496,230.21847733499092,256.0,0.15832899999999994,0.23893117807919945,0.0533895,0.033422189927148425,26.070107418125286,8,1.6025662387166941,380808896.0,0.221305,380449976.0,2.0932335981610266,0.16927,14.0,1518.7637836204572,1518.7637836204572,0.454317,0.010331462357188917,142800.0,1120.0,36556800.0,0.863797,256.0,1.39187,100
256,10k_s100_r8_b256_rep1,9187.0,10200,10k,10k_s316_r8192_b128_rep1,9187.0,100488,same_mesh_cell_order,0.0,0.0,1,256.0,8.0,0.4673043443577587,0.0,0.0,7093792.0,0.0141377,0.0,768.0,7087118.0,1.9393982882490335,0.00340332,24.0,37.86753798230605,37.86753798230605,0.0216902,106.41411051105378,26712.0,3339.0,6838272.0,0.0465809,171.74421275673075,256.0,0.15832899999999994,0.23893117807919945,0.075178,0.02503854548094342,19.446779642980662,8,1.3242027340855556,380808896.0,0.267826,380449976.0,1.999602988559093,0.177196,14.0,1512.369718565587,1512.369718565587,0.5122,0.010331462357188917,142800.0,1120.0,36556800.0,0.867449,256.0,1.46197,100
64,10k_s100_r8_b64_rep1,9187.0,10200,10k,10k_s316_r8192_b128_rep1,9187.0,100488,same_mesh_cell_order,0.0,0.0,1,64.0,8.0,0.0,0.0,0.0,0.0,4.3242e-05,0.0,768.0,7087118.0,2.2533475521443767,0.00292915,24.0,18.02757019279512,18.02757019279512,0.041143,54.34081198758313,26712.0,3339.0,6838272.0,0.0978448,81.76213758932514,256.0,0.15832899999999994,0.23893117807919945,0.147219,0.011919806596129533,12.756777318145076,8,0.5188957740791974,380808896.0,0.683482,380449976.0,1.9972360075798845,0.177406,14.0,1512.4045887329107,1512.4045887329107,0.927757,0.010331462357188917,142800.0,1120.0,36556800.0,0.867429,256.0,1.87804,100
128,10k_s10_r1024_b128_rep1,9187.0,120,10k,10k_s316_r8192_b128_rep1,9187.0,100488,same_mesh_cell_order,0.0,0.0,1,128.0,128.0,2.5024775843669365,0.0,0.0,35854720.0,0.0133437,0.0,98304.0,35820928.0,1.9023441633873925,0.0175367,24.0,501.7706048901473,501.7706048901473,0.0221186,1980.5963451808066,3560192.0,27814.0,911409152.0,0.449966,2275.7274994110667,256.0,0.06370500000000001,0.12784408479694098,0.517016,0.3445321392536961,0.07477215405325947,1024,0.406200857141501,4481840.0,0.0102758,4477616.0,1.9106922127547918,0.00218251,14.0,1456.3825771872876,1456.3825771872876,0.017537,0.12593794285704615,1680.0,14.0,430080.0,0.0105976,256.0,0.0386584,10
256,10k_s10_r1024_b256_rep1,9187.0,120,10k,10k_s316_r8192_b128_rep1,9187.0,100488,same_mesh_cell_order,0.0,0.0,1,256.0,256.0,2.2113878357922756,0.0,0.0,17927360.0,0.00755008,0.0,98304.0,17910464.0,2.2770971079734403,0.0073253,24.0,917.2406855954272,917.2406855954272,0.0104701,3589.6572999046493,3563264.0,13919.0,912195584.0,0.246151,4160.048100556162,256.0,0.06370500000000001,0.12784408479694098,0.285264,0.6304790613427182,0.09069949240002242,1024,1.2910090338290205,4481840.0,0.00323316,4477616.0,2.106762619422883,0.00197939,14.0,1454.8313208720979,1454.8313208720979,0.00825701,0.12593794285704615,1680.0,14.0,430080.0,0.0106089,256.0,0.0258733,10
64,10k_s10_r1024_b64_rep1,9187.0,120,10k,10k_s316_r8192_b128_rep1,9187.0,100488,same_mesh_cell_order,0.0,0.0,1,64.0,64.0,3.682799367219628,0.0,0.0,71709440.0,0.0181342,0.0,98304.0,71641856.0,1.9723102461823327,0.0338292,24.0,291.20090798875333,291.20090798875333,0.041497,1146.866054108782,3550720.0,55480.0,908984320.0,0.77534,1320.7109139216343,256.0,0.06370500000000001,0.12784408479694098,0.892868,0.23963356168169542,0.03762907843040628,1024,0.6291224573552137,4481840.0,0.0066347,4477616.0,1.8648591826395637,0.00223615,14.0,1215.1925045272026,1215.1925045272026,0.0119434,0.12593794285704615,1680.0,14.0,430080.0,0.012701,256.0,0.0335978,10
128,10k_s10_r4096_b128_rep1,9187.0,120,10k,10k_s316_r8192_b128_rep1,9187.0,100488,same_mesh_cell_order,0.0,0.0,1,128.0,128.0,6.756533776288431,0.0,0.0,143418880.0,0.0197689,0.0,393216.0,143283712.0,2.286809798217806,0.0583535,24.0,632.0510949211614,632.0510949211614,0.0713557,2493.167527953789,14238720.0,111240.0,3645112320.0,1.42887,2866.600880415993,256.0,0.06952000000000003,0.12608297476793495,1.64289,0.439474485832461,0.01614411190037069,4096,1.2227709736127175,4481840.0,0.00341359,4477616.0,1.551799730306021,0.00268727,14.0,1438.1974728838195,1438.1974728838195,0.00902698,0.12593794285704615,1680.0,14.0,430080.0,0.0107316,256.0,0.026523,10
256,10k_s10_r4096_b256_rep1,9187.0,120,10k,10k_s316_r8192_b128_rep1,9187.0,100488,same_mesh_cell_order,0.0,0.0,1,256.0,256.0,0.7173967998134573,0.0,0.0,71709440.0,0.093093,0.0,393216.0,71641856.0,2.1215092409929177,0.0314501,24.0,921.5028294474772,921.5028294474772,0.0391223,3650.135899835138,14252800.0,55675.0,3648716800.0,0.98005,4179.3786031324935,256.0,0.06952000000000003,0.12608297476793495,1.12215,0.6146015057540796,0.029250189368622736,4096,0.4230966421009317,4481840.0,0.00986545,4477616.0,1.9465913853871428,0.00214226,14.0,1499.350100544983,1499.350100544983,0.016998,0.12593794285704615,1680.0,14.0,430080.0,0.0102939,256.0,0.0328231,10
64,10k_s10_r4096_b64_rep1,9187.0,120,10k,10k_s316_r8192_b128_rep1,9187.0,100488,same_mesh_cell_order,0.0,0.0,1,64.0,64.0,5.753723575456112,0.0,0.0,286837760.0,0.0464288,0.0,393216.0,286567424.0,2.053527573736048,0.129965,24.0,292.11170848306267,292.11170848306267,0.154076,1159.082355404759,14203200.0,221925.0,3636019200.0,3.09169,1324.8417532158787,256.0,0.06952000000000003,0.12608297476793495,3.53383,0.1990423323720776,0.008751128379124068,4096,1.1025891765036668,4481840.0,0.00378567,4477616.0,1.3916121141491893,0.0029966,14.0,1467.5858396645335,1467.5858396645335,0.010014,0.12593794285704615,1680.0,14.0,430080.0,0.0105167,256.0,0.030925,10
128,10k_s10_r512_b128_rep1,9187.0,120,10k,10k_s316_r8192_b128_rep1,9187.0,100488,same_mesh_cell_order,0.0,0.0,1,128.0,128.0,1.931432813607191,0.0,0.0,17927360.0,0.00864444,0.0,49152.0,17910464.0,1.951907912170781,0.0085457,24.0,476.12158429037163,476.12158429037163,0.0117036,1884.2163757539627,1780992.0,13914.0,455933952.0,0.237103,2159.3990797248453,256.0,0.0700400000000001,0.12984538421886116,0.271731,0.31459359735762815,0.08985540847382154,512,1.3615465406518128,4481840.0,0.00306566,4477616.0,2.184662099035242,0.00190881,14.0,1513.4496960188271,1513.4496960188271,0.0078838,0.12593794285704615,1680.0,14.0,430080.0,0.010198,256.0,0.0244165,10
256,10k_s10_r512_b256_rep1,9187.0,120,10k,10k_s316_r8192_b128_rep1,9187.0,100488,same_mesh_cell_order,0.0,0.0,1,256.0,256.0,2.540745762103818,0.0,0.0,8963680.0,0.00328568,0.0,49152.0,8955232.0,2.124558597754984,0.00392562,24.0,1159.020339606021,1159.020339606021,0.00629056,4382.998758721054,1781760.0,6960.0,456130560.0,0.0974011,5256.614145014789,256.0,0.0700400000000001,0.12984538421886116,0.116815,0.7939890382581483,0.2297282027136926,512,1.005760968406926,4481840.0,0.00415013,4477616.0,1.8965539350273608,0.00219878,14.0,1459.7435024401316,1459.7435024401316,0.00950314,0.12593794285704615,1680.0,14.0,430080.0,0.0105732,256.0,0.0268357,10
64,10k_s10_r512_b64_rep1,9187.0,120,10k,10k_s316_r8192_b128_rep1,9187.0,100488,same_mesh_cell_order,0.0,0.0,1,64.0,64.0,2.3022510819291715,0.0,0.0,35854720.0,0.0145042,0.0,49152.0,35820928.0,2.2285724996042435,0.0149696,24.0,330.10081114431586,330.10081114431586,0.0193538,1294.2104305271885,1776640.0,27760.0,454819840.0,0.341986,1497.1373097144326,256.0,0.0700400000000001,0.12984538421886116,0.395608,0.24007024514787992,0.07067096722007643,512,1.0437288750174127,4481840.0,0.00399916,4477616.0,1.6670750409800157,0.00250145,14.0,1375.0175951250367,1375.0175951250367,0.00973779,0.12593794285704615,1680.0,14.0,430080.0,0.0112247,256.0,0.027958,10
128,10k_s10_r64_b128_rep1,9187.0,120,10k,10k_s316_r8192_b128_rep1,9187.0,100488,same_mesh_cell_order,0.0,0.0,1,128.0,64.0,3.483387523525279,0.0,0.0,4481840.0,0.00119827,0.0,6144.0,4477616.0,2.222349161848746,0.00187644,24.0,373.7401474701246,373.7401474701246,0.00383378,1370.7167777875345,221376.0,3459.0,56672256.0,0.0377568,1695.0589032968896,256.0,0.071158,0.15043516616420463,0.0466909,0.2602278643468575,0.5510538456101725,64,1.2330221072886576,4481840.0,0.00338521,4477616.0,2.0535610715967936,0.00203067,14.0,1436.20341506537,1436.20341506537,0.00826384,0.12593794285704615,1680.0,14.0,430080.0,0.0107465,256.0,0.0257292,10
256,10k_s10_r64_b256_rep1,9187.0,120,10k,10k_s316_r8192_b128_rep1,9187.0,100488,same_mesh_cell_order,0.0,0.0,1,256.0,64.0,3.043655537676836,0.0,0.0,4481840.0,0.00137139,0.0,6144.0,4477616.0,2.2856527436786904,0.00182447,24.0,385.12346891989256,385.12346891989256,0.00395124,1408.1903873403685,221376.0,3459.0,56672256.0,0.0366408,1746.6867535643325,256.0,0.071158,0.15043516616420463,0.0454484,0.2569950125855019,0.5080904938347665,64,1.32864315656919,4481840.0,0.00314158,4477616.0,2.4194718264867254,0.00172356,14.0,1498.5639800763156,1498.5639800763156,0.00765863,0.12593794285704615,1680.0,14.0,430080.0,0.0102993,256.0,0.0230919,10
64,10k_s10_r64_b64_rep1,9187.0,120,10k,10k_s316_r8192_b128_rep1,9187.0,100488,same_mesh_cell_order,0.0,0.0,1,64.0,64.0,3.777684147100819,0.0,0.0,4481840.0,0.00110492,0.0,6144.0,4477616.0,2.552036903398016,0.00163403,24.0,403.81030871192604,403.81030871192604,0.00347776,1482.9644459274089,221376.0,3459.0,56672256.0,0.0349452,1831.438938681135,256.0,0.071158,0.15043516616420463,0.0431568,0.27120994340526633,0.54288779520261,64,1.3137103531042607,4481840.0,0.00317729,4477616.0,2.480551573510196,0.00168112,14.0,1488.921474049778,1488.921474049778,0.00801358,0.12593794285704615,1680.0,14.0,430080.0,0.010366,256.0,0.0234293,10
128,10k_s10_r8_b128_rep1,9187.0,120,10k,10k_s316_r8192_b128_rep1,9187.0,100488,same_mesh_cell_order,0.0,0.0,1,128.0,8.0,1.2169366669612867,0.0,0.0,3473092.0,0.00265796,0.0,768.0,3469813.0,1.7263381804455697,0.00187189,24.0,47.27304887559596,47.27304887559596,0.00662704,165.5317396765096,27008.0,3376.0,6914048.0,0.0373131,214.40191246505918,256.0,0.16043800000000003,0.28410727145923637,0.0483291,0.032390922069882,0.5382305898516628,8,1.1859715607611958,4481840.0,0.00351951,4477616.0,1.8274224181227807,0.00228196,14.0,1459.4536325210634,1459.4536325210634,0.00908907,0.12593794285704615,1680.0,14.0,430080.0,0.0105753,256.0,0.0260122,10
256,10k_s10_r8_b256_rep1,9187.0,120,10k,10k_s316_r8192_b128_rep1,9187.0,100488,same_mesh_cell_order,0.0,0.0,1,256.0,8.0,1.295340551090242,0.0,0.0,3473092.0,0.00249708,0.0,768.0,3469813.0,1.464981674370878,0.00220584,24.0,32.16742560877978,32.16742560877978,0.00671612,120.2634973226339,27008.0,3376.0,6914048.0,0.0548351,145.89195606463744,256.0,0.16043800000000003,0.28410727145923637,0.0665206,0.02273434351355245,0.4211026358752026,8,1.0465814083872755,4481840.0,0.00398826,4477616.0,1.7298028245515735,0.00241074,14.0,1414.9265224924598,1414.9265224924598,0.00919435,0.12593794285704615,1680.0,14.0,430080.0,0.0109081,256.0,0.028012,10
64,10k_s10_r8_b64_rep1,9187.0,120,10k,10k_s316_r8192_b128_rep1,9187.0,100488,same_mesh_cell_order,0.0,0.0,1,64.0,8.0,0.0,0.0,0.0,0.0,4.3759e-05,0.0,768.0,3469813.0,1.3645448765282735,0.0023682,24.0,50.07022703144604,50.07022703144604,0.0177606,139.51671410234948,27008.0,3376.0,6914048.0,0.0352286,227.08821809552467,256.0,0.16043800000000003,0.28410727145923637,0.0573408,0.03341084070491427,0.6538694960656287,8,0.27169248184380995,4481840.0,0.0153631,4477616.0,1.7973195447161259,0.00232018,14.0,1498.6221829515773,1498.6221829515773,0.0224542,0.12593794285704615,1680.0,14.0,430080.0,0.0102989,256.0,0.0374934,10
128,10k_s20_r1024_b128_rep1,9187.0,440,10k,10k_s316_r8192_b128_rep1,9187.0,100488,same_mesh_cell_order,0.0,0.0,1,128.0,128.0,1.539218212898687,3517.0,0.0,131410152.0,0.930966,0.0795113,98304.0,131202649.0,2.762268573926068,0.0442361,24.0,546.8012690416797,546.8012690416797,0.0765109,1921.9471727293717,3613568.0,28231.0,925073408.0,0.41291,2479.9593131675183,256.0,0.06636500000000012,0.0759287643174828,0.532793,0.4538035677722292,0.15526893183656693,1024,1.4538755427834391,16429816.0,0.0105246,16414320.0,1.9670701634262684,0.00777147,14.0,1204.9294185279025,1204.9294185279025,0.0256136,0.06574015532457533,6160.0,56.0,1576960.0,0.046967,256.0,0.0827262,20
256,10k_s20_r1024_b256_rep1,9187.0,440,10k,10k_s316_r8192_b128_rep1,9187.0,100488,same_mesh_cell_order,0.0,0.0,1,256.0,256.0,1.3986379102466022,1760.0,0.0,65761120.0,0.550461,0.0437889,98304.0,65657280.0,2.5769465525940674,0.0237289,24.0,1022.1086484137331,1022.1086484137331,0.0632922,3280.6317779166066,3626240.0,14165.0,928317440.0,0.220896,4635.665652614805,256.0,0.06636500000000012,0.0759287643174828,0.312135,0.7628132319657744,0.2414631489579829,1024,1.4593526563960841,16429816.0,0.0104851,16414320.0,1.996336520992687,0.00765754,14.0,1339.9199248022387,1339.9199248022387,0.0249734,0.06574015532457533,6160.0,56.0,1576960.0,0.0422353,256.0,0.0753691,20
64,10k_s20_r1024_b64_rep1,9187.0,440,10k,10k_s316_r8192_b128_rep1,9187.0,100488,same_mesh_cell_order,0.0,0.0,1,64.0,64.0,1.8737644301619176,6820.0,0.0,254824176.0,1.55475,0.126656,98304.0,254421796.0,2.692923944122975,0.0879894,24.0,269.7216910130883,269.7216910130883,0.123143,981.8492132741412,3592832.0,56138.0,919764992.0,0.837084,1223.294197476,256.0,0.06636500000000012,0.0759287643174828,1.04293,0.23309473759464439,0.08701063350368674,1024,1.4630643531652323,16429816.0,0.0104585,16414320.0,1.8003948640446146,0.00849093,14.0,1157.1333346964648,1157.1333346964648,0.0262618,0.06574015532457533,6160.0,56.0,1576960.0,0.048907,256.0,0.090746,20
128,10k_s20_r4096_b128_rep1,9187.0,440,10k,10k_s316_r8192_b128_rep1,9187.0,100488,same_mesh_cell_order,0.0,0.0,1,128.0,128.0,1.7948377493238816,14067.0,0.0,525603172.0,3.04598,0.27273,393216.0,524773219.0,2.6878723713397332,0.181829,24.0,491.6671736940958,491.6671736940958,0.231792,1816.3193813162106,14460416.0,112972.0,3701866496.0,1.83685,2229.90445599804,256.0,0.04161500000000007,0.06395345801044604,2.25511,0.3718663966297469,0.03557103644611571,4096,1.3431993659982253,16429816.0,0.0113918,16414320.0,1.955678040073271,0.00781674,14.0,1322.1608033156863,1322.1608033156863,0.0264217,0.06574015532457533,6160.0,56.0,1576960.0,0.0428026,256.0,0.0802166,20
256,10k_s20_r4096_b256_rep1,9187.0,440,10k,10k_s316_r8192_b128_rep1,9187.0,100488,same_mesh_cell_order,0.0,0.0,1,256.0,256.0,1.8603429574514163,7040.0,0.0,263044480.0,1.5885,0.131685,393216.0,262629120.0,2.747291129854493,0.0890304,24.0,938.117185852603,938.117185852603,0.123846,3417.348718077074,14512128.0,56688.0,3715104768.0,0.962693,4254.731259082594,256.0,0.04161500000000007,0.06395345801044604,1.19859,0.824706163760504,0.0806370819045712,4096,1.3120784203034284,16429816.0,0.011662,16414320.0,1.6872278568107446,0.00906044,14.0,1137.5168842863575,1137.5168842863575,0.0289832,0.06574015532457533,6160.0,56.0,1576960.0,0.0497504,256.0,0.0966508,20
64,10k_s20_r4096_b64_rep1,9187.0,440,10k,10k_s316_r8192_b128_rep1,9187.0,100488,same_mesh_cell_order,0.0,0.0,1,64.0,64.0,2.02903431998381,27320.0,0.0,1020791072.0,5.57988,0.468541,393216.0,1019179192.0,2.7304135645188996,0.347634,24.0,275.52003221604275,275.52003221604275,0.405695,1022.997462486763,14375360.0,224615.0,3680092160.0,3.27787,1249.591960632972,256.0,0.04161500000000007,0.06395345801044604,4.00392,0.2036198739924513,0.01874602889168615,4096,1.4751806237181213,16429816.0,0.0103726,16414320.0,2.0283502501051314,0.00753668,14.0,1353.1097275222603,1353.1097275222603,0.0251787,0.06574015532457533,6160.0,56.0,1576960.0,0.0418236,256.0,0.0750576,20
128,10k_s20_r512_b128_rep1,9187.0,440,10k,10k_s316_r8192_b128_rep1,9187.0,100488,same_mesh_cell_order,0.0,0.0,1,128.0,128.0,1.378493580470268,1760.0,0.0,65761120.0,0.552939,0.0444288,49152.0,65657280.0,2.7438516996185576,0.0222855,24.0,605.8858105859748,605.8858105859748,0.0539746,1945.8802067497718,1808000.0,14125.0,462848000.0,0.186322,2747.9310011700177,256.0,0.07657499999999995,0.08482887122686789,0.26312,0.49844649055391754,0.3220781392520523,512,1.3495253772647449,16429816.0,0.0113384,16414320.0,1.9718402515471884,0.00775267,14.0,1215.5483528686525,1215.5483528686525,0.0264683,0.06574015532457533,6160.0,56.0,1576960.0,0.0465567,256.0,0.0847452,20
256,10k_s20_r512_b256_rep1,9187.0,440,10k,10k_s316_r8192_b128_rep1,9187.0,100488,same_mesh_cell_order,0.0,0.0,1,256.0,256.0,1.1447072775528186,880.0,0.0,32880560.0,0.349453,0.0267513,49152.0,32828640.0,2.6460045631187628,0.0115548,24.0,665.1221719457013,665.1221719457013,0.0393496,2247.023352365738,1814272.0,7087.0,464453632.0,0.169728,3016.5912518853697,256.0,0.07657499999999995,0.08482887122686789,0.227857,0.503444790503614,0.3310949411253549,512,1.5572513711236362,16429816.0,0.00982594,16414320.0,2.1629085619113053,0.00706781,14.0,1321.1422274930198,1321.1422274930198,0.0236852,0.06574015532457533,6160.0,56.0,1576960.0,0.0428356,256.0,0.0754423,20
64,10k_s20_r512_b64_rep1,9187.0,440,10k,10k_s316_r8192_b128_rep1,9187.0,100488,same_mesh_cell_order,0.0,0.0,1,64.0,64.0,1.5718808764381662,3427.0,0.0,128047548.0,0.875497,0.0758668,49152.0,127845355.0,2.6591254077784763,0.0447761,24.0,252.28587519107512,252.28587519107512,0.0757297,900.9960229472425,1797632.0,28088.0,460193792.0,0.447468,1144.2158992374875,256.0,0.07657499999999995,0.08482887122686789,0.56826,0.18727678821754826,0.13805511561609124,512,1.3279864729766264,16429816.0,0.0115223,16414320.0,1.7784297869846135,0.0085958,14.0,1347.1283739552907,1347.1283739552907,0.0271068,0.06574015532457533,6160.0,56.0,1576960.0,0.0420093,256.0,0.0784512,20
128,10k_s20_r64_b128_rep1,9187.0,440,10k,10k_s316_r8192_b128_rep1,9187.0,100488,same_mesh_cell_order,0.0,0.0,1,128.0,64.0,0.600549082020981,431.0,0.0,16103972.0,0.345714,0.0249738,6144.0,16078543.0,2.4555295108106785,0.0060982,24.0,290.32350448100203,290.32350448100203,0.037306,689.9309961202162,224704.0,3511.0,57524224.0,0.0486052,1316.7315431270729,256.0,0.02151799999999998,0.058212951650076644,0.0927629,0.23108228172048506,0.8747031410186616,64,1.4517237374602554,16429816.0,0.0105402,16414320.0,1.8580199989258508,0.00822759,14.0,1256.364193392268,1256.364193392268,0.0256368,0.06574015532457533,6160.0,56.0,1576960.0,0.0450442,256.0,0.08114,20
256,10k_s20_r64_b256_rep1,9187.0,440,10k,10k_s316_r8192_b128_rep1,9187.0,100488,same_mesh_cell_order,0.0,0.0,1,256.0,64.0,0.35725667955921914,431.0,0.0,16103972.0,0.597046,0.041981,6144.0,16078543.0,2.446151167317209,0.00612158,24.0,251.79878554719076,251.79878554719076,0.0552668,533.5200653562081,224704.0,3511.0,57524224.0,0.0560417,1142.0067556837141,256.0,0.02151799999999998,0.058212951650076644,0.119958,0.2128844455783146,0.7243793661114724,64,1.5233062088799871,16429816.0,0.0100449,16414320.0,1.9782578062512088,0.00772752,14.0,1182.795600040965,1182.795600040965,0.0246677,0.06574015532457533,6160.0,56.0,1576960.0,0.0478459,256.0,0.0868951,20
64,10k_s20_r64_b64_rep1,9187.0,440,10k,10k_s316_r8192_b128_rep1,9187.0,100488,same_mesh_cell_order,0.0,0.0,1,64.0,64.0,0.3007562558570209,431.0,0.0,16103972.0,0.720183,0.0498676,6144.0,16078543.0,2.64240717406028,0.00566692,24.0,326.3384141476512,326.3384141476512,0.0625582,570.1051131302333,224704.0,3511.0,57524224.0,0.0432411,1480.0733561357135,256.0,0.02151799999999998,0.058212951650076644,0.11226,0.2770858785233997,0.8066034206306788,64,1.1047824968288242,16429816.0,0.0138502,16414320.0,1.6600562903244462,0.00920874,14.0,1177.7518792611154,1177.7518792611154,0.0314647,0.06574015532457533,6160.0,56.0,1576960.0,0.0480508,256.0,0.0905493,20
128,10k_s20_r8_b128_rep1,9187.0,440,10k,10k_s316_r8192_b128_rep1,9187.0,100488,same_mesh_cell_order,0.0,0.0,1,128.0,8.0,0.5903109065931869,0.0,0.0,5526312.0,0.00871876,0.0,768.0,5521108.0,2.1146988374720816,0.00243152,24.0,37.849905370086645,37.849905370086645,0.0169745,116.49512759128851,26968.0,3371.0,6903808.0,0.0466026,171.66424190924968,256.0,0.094743,0.19144576279111686,0.0686724,0.03092497876909047,1.5036462974936076,8,0.5715983256222947,16429816.0,0.0267696,16414320.0,1.6680790187040513,0.00916445,14.0,1223.9266404256239,1223.9266404256239,0.0431098,0.06574015532457533,6160.0,56.0,1576960.0,0.046238,256.0,0.103259,20
256,10k_s20_r8_b256_rep1,9187.0,440,10k,10k_s316_r8192_b128_rep1,9187.0,100488,same_mesh_cell_order,0.0,0.0,1,256.0,8.0,1.0565666412730286,0.0,0.0,5526312.0,0.00487123,0.0,768.0,5521108.0,1.8229213628094043,0.00282071,24.0,44.93290266045792,44.93290266045792,0.0112581,144.35638704834494,26968.0,3371.0,6903808.0,0.0392564,203.7884268552389,256.0,0.094743,0.19144576279111686,0.0554184,0.03352774837475422,1.3862399491865516,8,1.4993492207633785,16429816.0,0.0102054,16414320.0,1.9419248692168978,0.0078721,14.0,1340.1706001316682,1340.1706001316682,0.0248534,0.06574015532457533,6160.0,56.0,1576960.0,0.0422274,256.0,0.0768232,20
64,10k_s20_r8_b64_rep1,9187.0,440,10k,10k_s316_r8192_b128_rep1,9187.0,100488,same_mesh_cell_order,0.0,0.0,1,64.0,8.0,0.0,0.0,0.0,0.0,3.8869e-05,0.0,768.0,5521108.0,1.7876277698825322,0.0028764,24.0,42.28049023109319,42.28049023109319,0.0291116,105.4079551383743,26968.0,3371.0,6903808.0,0.0417191,191.75869086341746,256.0,0.094743,0.19144576279111686,0.0758956,0.03521503916095362,1.538205113339904,8,0.38424925449135977,16429816.0,0.0398217,16414320.0,1.8361361290664802,0.00832565,14.0,1200.637319693051,1200.637319693051,0.055477,0.06574015532457533,6160.0,56.0,1576960.0,0.0471349,256.0,0.116743,20
128,10k_s224_r1024_b128_rep1,9187.0,50624,10k,10k_s316_r8192_b128_rep1,9187.0,100488,same_mesh_cell_order,0.0,0.0,1,128.0,128.0,0.9249879311658197,23825.0,0.0,890037708.0,13.5372,0.896133,98304.0,888632033.0,2.9876288684861447,0.27701,24.0,553.0454821579041,553.0454821579041,1.14469,567.6621079999335,3606912.0,28179.0,923369472.0,0.408248,2508.2792812212183,256.0,0.02057500000000001,0.023493447288018623,1.80389,0.3575835355695202,3.685901025007068,1024,2.017341962046939,1889965112.0,0.872518,1888183768.0,2.0259590779606578,0.867988,14.0,1546.6189775126902,1546.6189775126902,2.04833,0.001986922854475726,708736.0,5544.0,181436416.0,4.20993,256.0,6.64896,224
256,10k_s224_r1024_b256_rep1,9187.0,50624,10k,10k_s316_r8192_b128_rep1,9187.0,100488,same_mesh_cell_order,0.0,0.0,1,256.0,256.0,0.7633509753585322,23112.0,0.0,863402548.0,15.9936,1.05339,98304.0,862038940.0,2.932253419600789,0.273795,24.0,753.5535411521261,753.5535411521261,1.58242,479.6904497566414,3632640.0,14190.0,929955840.0,0.29962,3417.6623723382954,256.0,0.02057500000000001,0.023493447288018623,2.13471,0.49081060439484864,3.134500705013796,1024,2.166146316721149,1889965112.0,0.81258,1888183768.0,2.0430712128257054,0.860718,14.0,1535.3244905562499,1535.3244905562499,1.98054,0.001986922854475726,708736.0,5544.0,181436416.0,4.2409,256.0,6.69125,224
64,10k_s224_r1024_b64_rep1,9187.0,50624,10k,10k_s316_r8192_b128_rep1,9187.0,100488,same_mesh_cell_order,0.0,0.0,1,64.0,64.0,0.7940717182069454,24193.0,0.0,903785696.0,15.9019,1.06,98304.0,902358309.0,2.9199254495608216,0.287811,24.0,305.0141537663447,305.0141537663447,1.16299,463.41761439490966,3574208.0,55847.0,914997248.0,0.740227,1383.3594289319358,256.0,0.02057500000000001,0.023493447288018623,2.20967,0.19812698221648448,3.007738712115384,1024,2.1482980310048942,1889965112.0,0.819331,1888183768.0,1.9587927701121084,0.897751,14.0,1539.488212832462,1539.488212832462,2.02921,0.001986922854475726,708736.0,5544.0,181436416.0,4.22943,256.0,6.64611,224
128,10k_s224_r4096_b128_rep1,9187.0,50624,10k,10k_s316_r8192_b128_rep1,9187.0,100488,same_mesh_cell_order,0.0,0.0,1,128.0,128.0,1.413363617031736,95197.0,0.0,3556284496.0,35.1156,2.34338,393216.0,3550667873.0,2.9519091124919212,1.12023,24.0,509.7729455128386,509.7729455128386,3.01884,703.5660975957484,14418560.0,112645.0,3691151360.0,1.77161,2312.0212687894063,256.0,0.008203999999999989,0.011724874959679141,5.82177,0.3393685616944638,1.1609819694010584,4096,2.039914996982454,1889965112.0,0.862863,1888183768.0,2.080213128480411,0.84535,14.0,1502.1218906299023,1502.1218906299023,2.01908,0.001986922854475726,708736.0,5544.0,181436416.0,4.33464,256.0,6.75897,224
256,10k_s224_r4096_b256_rep1,9187.0,50624,10k,10k_s316_r8192_b128_rep1,9187.0,100488,same_mesh_cell_order,0.0,0.0,1,256.0,256.0,1.3253243220408766,92443.0,0.0,3453401524.0,36.7171,2.42675,393216.0,3447947387.0,3.014712566750114,1.06516,24.0,827.668580226548,827.668580226548,3.83127,693.2925301792135,14527232.0,56747.0,3718971392.0,1.09116,3753.8032919095276,256.0,0.008203999999999989,0.011724874959679141,5.90804,0.5508419897449233,1.1831571891862616,4096,1.7664025751314854,1889965112.0,0.99647,1888183768.0,1.8725043611642327,0.939121,14.0,1502.5517219735082,1502.5517219735082,2.27358,0.001986922854475726,708736.0,5544.0,181436416.0,4.3334,256.0,6.99014,224
64,10k_s224_r4096_b64_rep1,9187.0,50624,10k,10k_s316_r8192_b128_rep1,9187.0,100488,same_mesh_cell_order,0.0,0.0,1,64.0,64.0,1.1521011027658081,96709.0,0.0,3612769364.0,42.6312,2.92045,393216.0,3607063533.0,2.908947374379921,1.15483,24.0,280.6442619996146,280.6442619996146,2.55547,587.0718073670632,14286144.0,223221.0,3657252864.0,3.21802,1272.8323627572233,256.0,0.008203999999999989,0.011724874959679141,6.977,0.1827496880020284,0.9822889494051885,4096,1.766794419910355,1889965112.0,0.996249,1888183768.0,1.9639534060622783,0.895392,14.0,1535.675738042845,1535.675738042845,2.22556,0.001986922854475726,708736.0,5544.0,181436416.0,4.23993,256.0,6.85343,224
128,10k_s224_r512_b128_rep1,9187.0,50624,10k,10k_s316_r8192_b128_rep1,9187.0,100488,same_mesh_cell_order,0.0,0.0,1,128.0,128.0,0.74116108504248,11898.0,0.0,444478164.0,8.45769,0.558519,49152.0,443776182.0,2.9788372652943687,0.138745,24.0,629.7021670617767,629.7021670617767,0.786448,471.4765873198582,1802880.0,14085.0,461537280.0,0.179275,2855.947566587645,256.0,0.03814800000000007,0.054680858680298705,1.08595,0.4106340160097913,6.463492794327547,512,1.5665704035683006,1889965112.0,1.12358,1888183768.0,1.8381727363830191,0.956661,14.0,1533.4875887309877,1533.4875887309877,2.41338,0.001986922854475726,708736.0,5544.0,181436416.0,4.24598,256.0,7.01903,224
256,10k_s224_r512_b256_rep1,9187.0,50624,10k,10k_s316_r8192_b128_rep1,9187.0,100488,same_mesh_cell_order,0.0,0.0,1,256.0,256.0,0.6233755002290123,11553.0,0.0,431589888.0,9.84832,0.644795,49152.0,430908261.0,3.0202415131333855,0.132875,24.0,967.6909282610001,967.6909282610001,0.89203,453.49465460890514,1816832.0,7097.0,465108992.0,0.116659,4388.859839360873,256.0,0.03814800000000007,0.054680858680298705,1.12901,0.6394631008361179,6.188554574361608,512,1.613988257554555,1889965112.0,1.09057,1888183768.0,1.9773493276491585,0.889326,14.0,1513.2865789999673,1513.2865789999673,2.30769,0.001986922854475726,708736.0,5544.0,181436416.0,4.30266,256.0,6.98694,224
64,10k_s224_r512_b64_rep1,9187.0,50624,10k,10k_s316_r8192_b128_rep1,9187.0,100488,same_mesh_cell_order,0.0,0.0,1,64.0,64.0,0.49924509137047945,12097.0,0.0,451912800.0,12.7733,0.843026,49152.0,451199077.0,2.9487311836397594,0.142506,24.0,255.08891856531787,255.08891856531787,0.865562,352.43261103003937,1786112.0,27908.0,457244672.0,0.442551,1156.9288059455293,256.0,0.03814800000000007,0.054680858680298705,1.45276,0.16713345707590405,4.724840992318071,512,1.736772843834816,1889965112.0,1.01347,1888183768.0,1.9127005206316345,0.919385,14.0,1526.258853423158,1526.258853423158,2.25475,0.001986922854475726,708736.0,5544.0,181436416.0,4.26609,256.0,6.86406,224
128,10k_s224_r64_b128_rep1,9187.0,50624,10k,10k_s316_r8192_b128_rep1,9187.0,100488,same_mesh_cell_order,0.0,0.0,1,128.0,64.0,0.331220715229457,1514.0,0.0,56559732.0,2.40158,0.159034,6144.0,56470406.0,2.845064965080624,0.0184854,24.0,378.04558654907464,378.04558654907464,0.221398,230.70628566484865,222592.0,3478.0,56983552.0,0.0373268,1714.5857667949033,256.0,0.18368000000000007,0.2117414054073834,0.277409,0.25667402345218204,24.866208378242955,64,2.0426373677097494,1889965112.0,0.861713,1888183768.0,2.0086446916066976,0.87547,14.0,1472.8626662896565,1472.8626662896565,2.05996,0.001986922854475726,708736.0,5544.0,181436416.0,4.42075,256.0,6.89811,224
256,10k_s224_r64_b256_rep1,9187.0,50624,10k,10k_s316_r8192_b128_rep1,9187.0,100488,same_mesh_cell_order,0.0,0.0,1,256.0,64.0,0.32791953948891256,1514.0,0.0,56559732.0,2.41869,0.160635,6144.0,56470406.0,2.8776154859299403,0.0182763,24.0,299.6136149865918,299.6136149865918,0.223121,221.60434621524016,222592.0,3478.0,56983552.0,0.0470981,1358.8658565844482,256.0,0.18368000000000007,0.2117414054073834,0.288803,0.1955282376221353,24.40892234498949,64,1.5112363263627921,1889965112.0,1.16472,1888183768.0,1.9076046391524302,0.921841,14.0,1532.3291337878516,1532.3291337878516,2.42453,0.001986922854475726,708736.0,5544.0,181436416.0,4.24919,256.0,7.04937,224
64,10k_s224_r64_b64_rep1,9187.0,50624,10k,10k_s316_r8192_b128_rep1,9187.0,100488,same_mesh_cell_order,0.0,0.0,1,64.0,64.0,0.3029844135963962,1514.0,0.0,56559732.0,2.62465,0.173855,6144.0,56470406.0,2.9261924289069303,0.0179729,24.0,388.027255778654,388.027255778654,0.237032,218.20661438799863,222592.0,3478.0,56983552.0,0.0363666,1759.8565716894075,256.0,0.18368000000000007,0.2117414054073834,0.2933,0.2600643384389168,22.929594272076372,64,2.2540728560376793,1889965112.0,0.780883,1888183768.0,2.021650201716774,0.869838,14.0,1492.0433078516562,1492.0433078516562,1.95811,0.001986922854475726,708736.0,5544.0,181436416.0,4.36392,256.0,6.72525,224
128,10k_s224_r8_b128_rep1,9187.0,50624,10k,10k_s316_r8192_b128_rep1,9187.0,100488,same_mesh_cell_order,0.0,0.0,1,128.0,8.0,0.4598859467747059,0.0,0.0,7169020.0,0.0145181,0.0,768.0,7162276.0,1.7381623782579916,0.00383761,24.0,30.048806414849416,30.048806414849416,0.0216462,90.84261063494442,26720.0,3340.0,6840320.0,0.0587013,136.28318282559331,256.0,0.279316,0.4081994039842094,0.0880644,0.02006137308356885,79.26154041814854,8,1.8154981099378469,1889965112.0,0.969523,1888183768.0,1.8676816301709267,0.941546,14.0,1497.8439556293738,1497.8439556293738,2.24635,0.001986922854475726,708736.0,5544.0,181436416.0,4.34702,256.0,6.98012,224
256,10k_s224_r8_b256_rep1,9187.0,50624,10k,10k_s316_r8192_b128_rep1,9187.0,100488,same_mesh_cell_order,0.0,0.0,1,256.0,8.0,0.6033444631685831,0.0,0.0,7169020.0,0.0110661,0.0,768.0,7162276.0,2.2875213304663773,0.00291599,24.0,34.25116167078648,34.25116167078648,0.0165289,106.308336699764,26720.0,3340.0,6840320.0,0.0514991,155.3425205489028,256.0,0.279316,0.4081994039842094,0.0752528,0.02208996523273703,88.19472498033296,8,2.026532591310537,1889965112.0,0.868561,1888183768.0,1.9656459754028972,0.894621,14.0,1550.5303566538312,1550.5303566538312,2.09218,0.001986922854475726,708736.0,5544.0,181436416.0,4.19931,256.0,6.6369,224
64,10k_s224_r8_b64_rep1,9187.0,50624,10k,10k_s316_r8192_b128_rep1,9187.0,100488,same_mesh_cell_order,0.0,0.0,1,64.0,8.0,0.0,0.0,0.0,0.0,4.3818e-05,0.0,768.0,7162276.0,2.29019165911668,0.00291259,24.0,33.889361734830125,33.889361734830125,0.0368501,83.11014795684089,26720.0,3340.0,6840320.0,0.0520489,153.70161521184886,256.0,0.279316,0.4081994039842094,0.0962578,0.022442063192645984,94.75585355160828,8,0.5539367231590501,1889965112.0,3.17756,1888183768.0,1.9784794729189952,0.888818,14.0,1510.0822702404337,1510.0822702404337,4.403,0.001986922854475726,708736.0,5544.0,181436416.0,4.31179,256.0,9.12099,224
128,10k_s30_r1024_b128_rep1,9187.0,960,10k,10k_s316_r8192_b128_rep1,9187.0,100488,same_mesh_cell_order,0.0,0.0,1,128.0,128.0,1.5114057139859012,7357.0,0.0,274866964.0,2.23128,0.169372,98304.0,274432901.0,2.7445399351894895,0.0931251,24.0,551.2253830603814,551.2253830603814,0.178969,1581.9142707514247,3625984.0,28328.0,928251904.0,0.409596,2500.024414300921,256.0,0.038104999999999944,0.05397408734325884,0.647317,0.40603075085833706,0.23870375720087683,1024,1.38023468811873,35844032.0,0.024186,35810240.0,2.0092831185173385,0.0165984,14.0,1357.5951621770203,1357.5951621770203,0.0509718,0.043563723165155895,13440.0,112.0,3440640.0,0.09095,256.0,0.154517,30
256,10k_s30_r1024_b256_rep1,9187.0,960,10k,10k_s316_r8192_b128_rep1,9187.0,100488,same_mesh_cell_order,0.0,0.0,1,256.0,256.0,1.3894346332056735,3832.0,0.0,143168720.0,1.36661,0.0959644,98304.0,142942632.0,2.836468970131268,0.0469336,24.0,995.1415802046879,995.1415802046879,0.131701,2600.575478909688,3665664.0,14319.0,938409984.0,0.226882,4513.359367424476,256.0,0.038104999999999944,0.05397408734325884,0.393759,0.7470721973788766,0.41927168648843577,1024,1.2959542591818594,35844032.0,0.0257589,35810240.0,1.6623494038329316,0.0200625,14.0,1332.0554341282805,1332.0554341282805,0.0562276,0.043563723165155895,13440.0,112.0,3440640.0,0.0926938,256.0,0.165092,30
64,10k_s30_r1024_b64_rep1,9187.0,960,10k,10k_s316_r8192_b128_rep1,9187.0,100488,same_mesh_cell_order,0.0,0.0,1,64.0,64.0,1.8953810113899503,12187.0,0.0,455322044.0,3.02071,0.223729,98304.0,454603011.0,2.876744850533849,0.147174,24.0,300.27092243855725,300.27092243855725,0.204418,985.3923285667546,3590080.0,56095.0,919060480.0,0.75192,1361.847005000532,256.0,0.038104999999999944,0.05397408734325884,1.03918,0.20821740914686968,0.14447833869012106,1024,1.4709707001749177,35844032.0,0.0226941,35810240.0,1.8934627542423337,0.0176137,14.0,1442.1028657923414,1442.1028657923414,0.0501553,0.043563723165155895,13440.0,112.0,3440640.0,0.0856203,256.0,0.150139,30
128,10k_s30_r4096_b128_rep1,9187.0,960,10k,10k_s316_r8192_b128_rep1,9187.0,100488,same_mesh_cell_order,0.0,0.0,1,128.0,128.0,1.9622706372618781,29488.0,0.0,1101708296.0,7.05638,0.522887,393216.0,1099968504.0,2.795966907594601,0.366394,24.0,516.44270299017,516.44270299017,0.477361,1659.629986791031,14528640.0,113505.0,3719331840.0,1.74873,2342.2712482773213,256.0,0.026960000000000095,0.045981688193418815,2.46802,0.35749500494644687,0.05900843591218872,4096,1.5865007802124182,35844032.0,0.0210415,35810240.0,2.021645576708242,0.0164969,14.0,1444.6151578188726,1444.6151578188726,0.0471924,0.043563723165155895,13440.0,112.0,3440640.0,0.0854714,256.0,0.145634,30
256,10k_s30_r4096_b256_rep1,9187.0,960,10k,10k_s316_r8192_b128_rep1,9187.0,100488,same_mesh_cell_order,0.0,0.0,1,256.0,256.0,1.8356299153433704,15334.0,0.0,572898568.0,4.07673,0.290665,393216.0,571993862.0,2.832513405764294,0.18807,24.0,908.6196312475728,908.6196312475728,0.299404,2851.3351711079554,14677504.0,57334.0,3757441024.0,0.993946,4120.948220527071,256.0,0.026960000000000095,0.045981688193418815,1.43652,0.6156740794484094,0.10225266616545539,4096,1.338807276968349,35844032.0,0.0249344,35810240.0,2.007154845594499,0.016616,14.0,1475.8127093179191,1475.8127093179191,0.051969,0.043563723165155895,13440.0,112.0,3440640.0,0.0836646,256.0,0.146888,30
64,10k_s30_r4096_b64_rep1,9187.0,960,10k,10k_s316_r8192_b128_rep1,9187.0,100488,same_mesh_cell_order,0.0,0.0,1,64.0,64.0,2.1495774600059745,49009.0,0.0,1831034156.0,10.2393,0.793311,393216.0,1828142625.0,2.830630862592935,0.601488,24.0,281.6911873140241,281.6911873140241,0.695278,965.0203676784146,14375616.0,224619.0,3680157696.0,3.20606,1277.5805817732669,256.0,0.026960000000000095,0.045981688193418815,4.24447,0.19879792642682922,0.03541337316555424,4096,1.4845179955903234,35844032.0,0.022487,35810240.0,1.804935971901015,0.0184776,14.0,1416.9724623244754,1416.9724623244754,0.0510097,0.043563723165155895,13440.0,112.0,3440640.0,0.0871388,256.0,0.150311,30
128,10k_s30_r512_b128_rep1,9187.0,960,10k,10k_s316_r8192_b128_rep1,9187.0,100488,same_mesh_cell_order,0.0,0.0,1,128.0,128.0,1.2508791179788752,3679.0,0.0,137452340.0,1.37385,0.102338,49152.0,137235279.0,2.738227180953793,0.0466763,24.0,561.3003848410418,561.3003848410418,0.10952,1514.219467184025,1813632.0,14169.0,464289792.0,0.201122,2545.718519107805,256.0,0.041264999999999996,0.060908384951765954,0.338128,0.38735016557114593,0.44148665594094544,512,1.443261773419554,35844032.0,0.0231298,35810240.0,1.7440377410420125,0.0191228,14.0,1449.077436209191,1449.077436209191,0.0527027,0.043563723165155895,13440.0,112.0,3440640.0,0.0852082,256.0,0.149279,30
256,10k_s30_r512_b256_rep1,9187.0,960,10k,10k_s316_r8192_b128_rep1,9187.0,100488,same_mesh_cell_order,0.0,0.0,1,256.0,256.0,0.9382252430781347,1914.0,0.0,71509708.0,0.900021,0.0709836,49152.0,71396782.0,2.7843539381142435,0.0238811,24.0,870.4525063419975,870.4525063419975,0.0957825,2062.06327151171,1834752.0,7167.0,469696512.0,0.129691,3947.845262971216,256.0,0.041264999999999996,0.060908384951765954,0.248295,0.6084856202159639,0.5933023218349142,512,1.4822570707214768,35844032.0,0.0225213,35810240.0,2.0090410420470706,0.0166004,14.0,1430.5227230070882,1430.5227230070882,0.0493095,0.043563723165155895,13440.0,112.0,3440640.0,0.0863134,256.0,0.147314,30
64,10k_s30_r512_b64_rep1,9187.0,960,10k,10k_s316_r8192_b128_rep1,9187.0,100488,same_mesh_cell_order,0.0,0.0,1,64.0,64.0,1.4040506689976444,6092.0,0.0,227605072.0,1.94721,0.150973,49152.0,227245644.0,2.8473925225352255,0.0743273,24.0,287.4724495668427,287.4724495668427,0.137998,884.3794747960486,1795712.0,28058.0,459702272.0,0.392698,1303.8008851585698,256.0,0.041264999999999996,0.060908384951765954,0.578937,0.21259404718857022,0.2698583783727763,512,1.385424444783635,35844032.0,0.0240954,35810240.0,1.9064729707833308,0.0174935,14.0,1352.2130716663746,1352.2130716663746,0.0517183,0.043563723165155895,13440.0,112.0,3440640.0,0.091312,256.0,0.156231,30
128,10k_s30_r64_b128_rep1,9187.0,960,10k,10k_s316_r8192_b128_rep1,9187.0,100488,same_mesh_cell_order,0.0,0.0,1,128.0,64.0,0.6287607945150298,764.0,0.0,28544292.0,0.60674,0.0422799,6144.0,28499216.0,2.8626239734728203,0.0092719,24.0,226.80559908578482,226.80559908578482,0.0614809,485.75744005829085,225344.0,3521.0,57688064.0,0.0622173,1028.6528023556148,256.0,0.049783999999999995,0.0890988605491785,0.131753,0.17492222535257188,1.2415201171889823,64,1.5489502480947863,35844032.0,0.0215516,35810240.0,1.7193393434410718,0.0193975,14.0,1296.6082419122968,1296.6082419122968,0.0507569,0.043563723165155895,13440.0,112.0,3440640.0,0.0952279,256.0,0.163574,30
256,10k_s30_r64_b256_rep1,9187.0,960,10k,10k_s316_r8192_b128_rep1,9187.0,100488,same_mesh_cell_order,0.0,0.0,1,256.0,64.0,0.7019771142937571,764.0,0.0,28544292.0,0.54312,0.0378701,6144.0,28499216.0,2.86263323575963,0.00927187,24.0,277.85892063892123,277.85892063892123,0.0593169,545.0937305703894,225344.0,3521.0,57688064.0,0.0507856,1260.199741659053,256.0,0.049783999999999995,0.0890988605491785,0.117411,0.21756740943439534,1.4789585302910289,64,1.1795718847380108,35844032.0,0.0283004,35810240.0,1.6821707201314526,0.0198261,14.0,1277.1164640938837,1277.1164640938837,0.0590749,0.043563723165155895,13440.0,112.0,3440640.0,0.0966813,256.0,0.173646,30
64,10k_s30_r64_b64_rep1,9187.0,960,10k,10k_s316_r8192_b128_rep1,9187.0,100488,same_mesh_cell_order,0.0,0.0,1,64.0,64.0,0.2889948592638139,764.0,0.0,28544292.0,1.36532,0.0919876,6144.0,28499216.0,2.891079839710809,0.00918064,24.0,250.8596570758113,250.8596570758113,0.1151,356.913810891448,225344.0,3521.0,57688064.0,0.0562515,1137.7474378461018,256.0,0.049783999999999995,0.0890988605491785,0.179315,0.18027851955693877,0.8892061456096814,64,1.4361956051059044,35844032.0,0.0232436,35810240.0,1.817298749143042,0.0183519,14.0,1391.511632624542,1391.511632624542,0.0523208,0.043563723165155895,13440.0,112.0,3440640.0,0.0887332,256.0,0.159448,30
128,10k_s30_r8_b128_rep1,9187.0,960,10k,10k_s316_r8192_b128_rep1,9187.0,100488,same_mesh_cell_order,0.0,0.0,1,128.0,8.0,0.5833033738105361,0.0,0.0,6459648.0,0.0103137,0.0,768.0,6453569.0,2.157674909098906,0.00278557,24.0,26.500643021117533,26.500643021117533,0.016978,88.66731911035646,26792.0,3349.0,6858752.0,0.0665608,120.19086309058785,256.0,0.19233699999999987,0.30489187793489286,0.0902249,0.018761364475358297,1.7001071766219746,8,1.5449930654627062,35844032.0,0.0216068,35810240.0,1.8924850145492311,0.0176228,14.0,1412.511497014208,1412.511497014208,0.0496511,0.043563723165155895,13440.0,112.0,3440640.0,0.087414,256.0,0.153392,30
256,10k_s30_r8_b256_rep1,9187.0,960,10k,10k_s316_r8192_b128_rep1,9187.0,100488,same_mesh_cell_order,0.0,0.0,1,256.0,8.0,1.1804535014146815,0.0,0.0,6459648.0,0.00509636,0.0,768.0,6453569.0,2.076345052488924,0.00289468,24.0,47.99934691211886,47.99934691211886,0.0113925,151.78335961082746,26792.0,3349.0,6858752.0,0.0367485,217.6959603793352,256.0,0.19233699999999987,0.30489187793489286,0.0527067,0.03525010739019474,2.9968106521561775,8,1.4587066653924465,35844032.0,0.0228849,35810240.0,1.817724656870555,0.0183476,14.0,1361.6794519460238,1361.6794519460238,0.0513673,0.043563723165155895,13440.0,112.0,3440640.0,0.0906772,256.0,0.157952,30
64,10k_s30_r8_b64_rep1,9187.0,960,10k,10k_s316_r8192_b128_rep1,9187.0,100488,same_mesh_cell_order,0.0,0.0,1,64.0,8.0,0.0,0.0,0.0,0.0,3.4589e-05,0.0,768.0,6453569.0,1.8846081113448094,0.00318918,24.0,37.255371591866734,37.255371591866734,0.025351,102.79882655139491,26792.0,3349.0,6858752.0,0.0473463,168.96779685001783,256.0,0.19233699999999987,0.30489187793489286,0.0778219,0.026227905574760558,2.5793125071477307,8,0.49196387263544045,35844032.0,0.0678553,35810240.0,1.7724088131499252,0.0188167,14.0,1420.447831248792,1420.447831248792,0.097081,0.043563723165155895,13440.0,112.0,3440640.0,0.0869256,256.0,0.200727,30
128,10k_s316_r8192_b128_rep1,9187.0,100488,10k,10k_s316_r8192_b128_rep1,9187.0,100488,same_mesh_cell_order,0.0,0.0,1,128.0,128.0,0.25096577255338043,107494.0,86223.0,4015678396.0,41.1734,14.902,786432.0,7225290281.0,2.974939850589373,2.26192,24.0,566.0022486697877,566.0022486697877,17.119,347.3055415414227,28831488.0,225246.0,7380860928.0,3.19122,2567.043325123307,256.0,0.004101000000000021,0.007807569293042533,23.5873,0.3663705709579794,1.128140991126581,8192,0.0,0.0,0.0211908,3748007024.0,1.8942463675117367,1.84274,14.0,1544.8900472268142,1544.8900472268142,17.5595,0.0,1406832.0,11004.0,360148992.0,8.36601,256.0,26.6098,316
128,10k_s70_r1024_b128_rep1,9187.0,5040,10k,10k_s316_r8192_b128_rep1,9187.0,100488,same_mesh_cell_order,0.0,0.0,1,128.0,128.0,1.681884520536087,18410.0,0.0,687768088.0,5.57311,0.380843,98304.0,686681898.0,2.9488878225435786,0.216869,24.0,533.5424970047569,533.5424970047569,0.563994,958.6578789694428,3598080.0,28110.0,921108480.0,0.423171,2419.8255551538264,256.0,0.03937000000000013,0.03912073115249987,1.06816,0.3748992932964154,0.6919263031755541,1024,1.5303123644260954,188166512.0,0.114515,187989152.0,2.015035098139064,0.0868861,14.0,1423.1621839385803,1423.1621839385803,0.237574,0.016652569720103882,70560.0,560.0,18063360.0,0.455489,256.0,0.739088,70
256,10k_s70_r1024_b256_rep1,9187.0,5040,10k,10k_s316_r8192_b128_rep1,9187.0,100488,same_mesh_cell_order,0.0,0.0,1,256.0,256.0,1.2493427916477495,14225.0,0.0,531422636.0,5.96441,0.396149,98304.0,530583361.0,3.0230656304044703,0.163458,24.0,767.5979030251106,767.5979030251106,0.59633,1075.4065856050947,3632128.0,14188.0,929824768.0,0.294138,3481.3590899509754,256.0,0.03937000000000013,0.03912073115249987,0.952198,0.5363341553363146,0.7911211743775979,1024,1.483230811783786,188166512.0,0.11815,187989152.0,1.8373811856855662,0.095287,14.0,1431.1933994652632,1431.1933994652632,0.249833,0.016652569720103882,70560.0,560.0,18063360.0,0.452933,256.0,0.753304,70
64,10k_s70_r1024_b64_rep1,9187.0,5040,10k,10k_s316_r8192_b128_rep1,9187.0,100488,same_mesh_cell_order,0.0,0.0,1,64.0,64.0,1.5500663311619753,21145.0,0.0,789945452.0,6.66716,0.474621,98304.0,788697897.0,2.846560467008679,0.258042,24.0,241.2217644746064,241.2217644746064,0.38738,702.3560478754415,3567104.0,55736.0,913178624.0,0.935984,1094.0357954836834,256.0,0.03937000000000013,0.03912073115249987,1.45795,0.1619448346869817,0.4922130388559278,1024,1.5310343297040419,188166512.0,0.114461,187989152.0,2.060845851264504,0.0849547,14.0,1489.5304622765937,1489.5304622765937,0.235763,0.016652569720103882,70560.0,560.0,18063360.0,0.435194,256.0,0.717622,70
128,10k_s70_r4096_b128_rep1,9187.0,5040,10k,10k_s316_r8192_b128_rep1,9187.0,100488,same_mesh_cell_order,0.0,0.0,1,128.0,128.0,2.1521559073005903,73554.0,0.0,2747866508.0,17.3263,1.18911,393216.0,2743526822.0,2.9508226306265777,0.865897,24.0,544.3819985774392,544.3819985774392,1.27779,1251.95235489915,14430208.0,112736.0,3694133248.0,1.65898,2468.9869678959362,256.0,0.01663800000000004,0.020225927053034068,3.27169,0.36428475065778887,0.2195828455629965,4096,1.4494092187570142,188166512.0,0.120907,187989152.0,1.9952789064898449,0.0877464,14.0,1494.3859099082483,1494.3859099082483,0.24479,0.016652569720103882,70560.0,560.0,18063360.0,0.43378,256.0,0.718407,70
256,10k_s70_r4096_b256_rep1,9187.0,5040,10k,10k_s316_r8192_b128_rep1,9187.0,100488,same_mesh_cell_order,0.0,0.0,1,256.0,256.0,2.326755608850098,56750.0,0.0,2120094416.0,12.5355,0.848603,393216.0,2116746166.0,3.002826309472515,0.656506,24.0,835.0459057622604,835.0459057622604,1.19801,1623.592833359759,14565888.0,56898.0,3728867328.0,1.08152,3787.2623714771803,256.0,0.01663800000000004,0.020225927053034068,2.5228,0.5483981677588557,0.2738897257016014,4096,1.6206462509918833,188166512.0,0.108132,187989152.0,2.0935998191991514,0.0836256,14.0,1522.7000286577374,1522.7000286577374,0.225481,0.016652569720103882,70560.0,560.0,18063360.0,0.425714,256.0,0.690969,70
64,10k_s70_r4096_b64_rep1,9187.0,5040,10k,10k_s316_r8192_b128_rep1,9187.0,100488,same_mesh_cell_order,0.0,0.0,1,64.0,64.0,2.0758043890664126,84696.0,0.0,3164115196.0,19.6393,1.4196,393216.0,3159118132.0,2.857823656116678,1.02951,24.0,265.14982017398347,265.14982017398347,1.27928,787.2093850118869,14292864.0,223326.0,3658973184.0,3.40607,1202.5589609138979,256.0,0.01663800000000004,0.020225927053034068,5.20319,0.18477686564736195,0.14763385538486967,4096,1.4222134606858872,188166512.0,0.123219,187989152.0,1.8519088956512413,0.0945395,14.0,1434.973037587993,1434.973037587993,0.255643,0.016652569720103882,70560.0,560.0,18063360.0,0.45174,256.0,0.768167,70
128,10k_s70_r512_b128_rep1,9187.0,5040,10k,10k_s316_r8192_b128_rep1,9187.0,100488,same_mesh_cell_order,0.0,0.0,1,128.0,128.0,1.1094236628712932,9225.0,0.0,344633696.0,4.30421,0.289308,49152.0,344089421.0,2.924582888857478,0.109574,24.0,598.4153343793732,598.4153343793732,0.460855,739.0641600073906,1797376.0,14042.0,460128256.0,0.188648,2714.049446588355,256.0,0.034129999999999994,0.035814724642558755,0.692768,0.4111406421692548,1.0429494433923043,512,1.6232432720963916,188166512.0,0.107959,187989152.0,1.9701697191395517,0.0888647,14.0,1455.5003154687463,1455.5003154687463,0.231782,0.016652569720103882,70560.0,560.0,18063360.0,0.445369,256.0,0.722522,70
256,10k_s70_r512_b256_rep1,9187.0,5040,10k,10k_s316_r8192_b128_rep1,9187.0,100488,same_mesh_cell_order,0.0,0.0,1,256.0,256.0,0.7071642628501548,7142.0,0.0,266816108.0,5.30225,0.351392,49152.0,266394730.0,2.878444056510859,0.0861922,24.0,859.2032514137409,859.2032514137409,0.503371,767.6346059275785,1814016.0,7086.0,464388096.0,0.131389,3896.825457230057,256.0,0.034129999999999994,0.035814724642558755,0.666984,0.579557354302794,1.1045632279035178,512,1.5270053973166815,188166512.0,0.114763,187989152.0,1.7413299885662905,0.100543,14.0,1482.5163463715514,1482.5163463715514,0.25162,0.016652569720103882,70560.0,560.0,18063360.0,0.437253,256.0,0.736726,70
64,10k_s70_r512_b64_rep1,9187.0,5040,10k,10k_s316_r8192_b128_rep1,9187.0,100488,same_mesh_cell_order,0.0,0.0,1,64.0,64.0,0.8427650035024884,10576.0,0.0,395107216.0,6.34185,0.436625,49152.0,394483232.0,2.8609229250712533,0.128417,24.0,239.6644311545051,239.6644311545051,0.394644,546.6557904941683,1781952.0,27843.0,456179712.0,0.471033,1086.9726749505874,256.0,0.034129999999999994,0.035814724642558755,0.936604,0.15955945487361398,0.7503790289172372,512,1.6475694111056676,188166512.0,0.106365,187989152.0,2.0269139207406206,0.0863769,14.0,1502.0384178696386,1502.0384178696386,0.22695,0.016652569720103882,70560.0,560.0,18063360.0,0.43157,256.0,0.702808,70
128,10k_s70_r64_b128_rep1,9187.0,5040,10k,10k_s316_r8192_b128_rep1,9187.0,100488,same_mesh_cell_order,0.0,0.0,1,128.0,64.0,0.36719944228814183,1317.0,0.0,49203848.0,1.87748,0.124795,6144.0,49126145.0,2.785781827401791,0.0164235,24.0,370.4523008828649,370.4523008828649,0.16519,303.0001751719763,223424.0,3491.0,57196544.0,0.0380919,1680.1472229004066,256.0,0.07021500000000003,0.09196503692965945,0.211221,0.25934386786356445,3.3841710814739066,64,1.7214679948943932,188166512.0,0.101799,187989152.0,2.199064762173215,0.079615,14.0,1428.421284584806,1428.421284584806,0.21567,0.016652569720103882,70560.0,560.0,18063360.0,0.453812,256.0,0.714808,70
256,10k_s70_r64_b256_rep1,9187.0,5040,10k,10k_s316_r8192_b128_rep1,9187.0,100488,same_mesh_cell_order,0.0,0.0,1,256.0,64.0,0.7050456633071723,1317.0,0.0,49203848.0,0.958321,0.0649953,6144.0,49126145.0,2.899164058647842,0.0157812,24.0,398.67755706298334,398.67755706298334,0.0977932,453.7140750613223,223424.0,3491.0,57196544.0,0.0353951,1808.1598865379672,256.0,0.07021500000000003,0.09196503692965945,0.141058,0.27677454181607103,5.104205362333225,64,1.6783546307224542,188166512.0,0.104414,187989152.0,2.0506402862630146,0.0853775,14.0,1440.4415754680294,1440.4415754680294,0.22421,0.016652569720103882,70560.0,560.0,18063360.0,0.450025,256.0,0.719989,70
64,10k_s70_r64_b64_rep1,9187.0,5040,10k,10k_s316_r8192_b128_rep1,9187.0,100488,same_mesh_cell_order,0.0,0.0,1,64.0,64.0,0.327328312239983,1317.0,0.0,49203848.0,2.1078,0.139996,6144.0,49126145.0,2.850343447175237,0.0160515,24.0,249.12358876128772,249.12358876128772,0.183125,257.0229513463585,223424.0,3491.0,57196544.0,0.0566435,1129.873683653023,256.0,0.07021500000000003,0.09196503692965945,0.249005,0.16395735375368645,2.82458986767334,64,1.553055889082174,188166512.0,0.112838,187989152.0,1.9951447545012555,0.0877523,14.0,1519.4413855663145,1519.4413855663145,0.236891,0.016652569720103882,70560.0,560.0,18063360.0,0.426627,256.0,0.703337,70
128,10k_s70_r8_b128_rep1,9187.0,5040,10k,10k_s316_r8192_b128_rep1,9187.0,100488,same_mesh_cell_order,0.0,0.0,1,128.0,8.0,1.3007686925006499,0.0,0.0,7019204.0,0.0050256,0.0,768.0,7012600.0,2.2247329148252692,0.00293563,24.0,50.59356015626345,50.59356015626345,0.0116311,156.79725918390946,26600.0,3325.0,6809600.0,0.0348642,229.46174012310624,256.0,0.136323,0.21737217464066824,0.0510213,0.03479412657554461,13.79508166197255,8,1.672939136362593,188166512.0,0.104752,187989152.0,2.221205675621348,0.0788214,14.0,1454.0833507176935,1454.0833507176935,0.216524,0.016652569720103882,70560.0,560.0,18063360.0,0.445803,256.0,0.703843,70
256,10k_s70_r8_b256_rep1,9187.0,5040,10k,10k_s316_r8192_b128_rep1,9187.0,100488,same_mesh_cell_order,0.0,0.0,1,256.0,8.0,0.4475410864139487,0.0,0.0,7019204.0,0.0146068,0.0,768.0,7012600.0,2.1686410653443744,0.00301156,24.0,31.94610160282532,31.94610160282532,0.0251508,92.55617002568434,26600.0,3325.0,6809600.0,0.055215,144.88816444806665,256.0,0.136323,0.21737217464066824,0.086434,0.022533165036366806,8.554261054677557,8,1.6007355007193687,188166512.0,0.109477,187989152.0,1.9632547266908715,0.0891777,14.0,1417.736991286699,1417.736991286699,0.234457,0.016652569720103882,70560.0,560.0,18063360.0,0.457232,256.0,0.739379,70
64,10k_s70_r8_b64_rep1,9187.0,5040,10k,10k_s316_r8192_b128_rep1,9187.0,100488,same_mesh_cell_order,0.0,0.0,1,64.0,8.0,0.0,0.0,0.0,0.0,4.1993e-05,0.0,768.0,7012600.0,2.1216645507655363,0.00307824,24.0,41.362892370898074,41.362892370898074,0.0349302,96.7140202688408,26600.0,3325.0,6809600.0,0.0426446,187.59702283524763,256.0,0.136323,0.21737217464066824,0.0827181,0.026651156093771836,12.213046479549217,8,0.400815429401933,188166512.0,0.437218,187989152.0,2.021029374205463,0.0866284,14.0,1552.0111857573133,1552.0111857573133,0.560986,0.016652569720103882,70560.0,560.0,18063360.0,0.417674,256.0,1.01024,70
128,30k_s100_r1024_b128_rep1,36470.0,10200,30k,30k_s316_r8192_b128_rep1,36470.0,100488,same_mesh_cell_order,0.0,0.0,1,128.0,128.0,1.9475588632404959,21221.0,0.0,3117482472.0,22.3931,1.49078,98304.0,3116230433.0,3.0574646315530356,0.949223,24.0,75.72995361334313,75.72995361334313,1.73362,72.48685114003979,19725728.0,51567.0,5049683968.0,11.8353,86.52083174908958,256.0,0.012234000000000023,0.0163898083363668,14.1267,0.5001558434329093,2.616265652983358,1024,1.5897526350327864,1498199280.0,0.877688,1497840360.0,2.7196476289629166,0.512924,14.0,151.41271387245425,151.41271387245425,1.58339,0.009222865609003318,143304.0,1708.0,36614144.0,34.3955,256.0,36.9592,100
256,30k_s100_r1024_b256_rep1,36470.0,10200,30k,30k_s316_r8192_b128_rep1,36470.0,100488,same_mesh_cell_order,0.0,0.0,1,256.0,256.0,1.0504278582619482,18492.0,0.0,2716575424.0,35.7647,2.40855,98304.0,2715484396.0,3.0717259645005943,0.823313,24.0,80.99610692403623,80.99610692403623,2.15518,74.81005260081824,18792256.0,24667.0,4810612736.0,11.0658,92.53736738419275,256.0,0.012234000000000023,0.0163898083363668,13.688,0.5248501743049331,2.6533971361776736,1024,1.5643084370407956,1498199280.0,0.891964,1497840360.0,2.6859039071297715,0.519368,14.0,154.32233976353456,154.32233976353456,1.60873,0.009222865609003318,143304.0,1708.0,36614144.0,33.747,256.0,36.3197,100
64,30k_s100_r1024_b64_rep1,36470.0,10200,30k,30k_s316_r8192_b128_rep1,36470.0,100488,same_mesh_cell_order,0.0,0.0,1,64.0,64.0,1.9971472197590898,22856.0,0.0,3357669284.0,23.172,1.56577,98304.0,3356320780.0,2.9986735514821863,1.0424,24.0,62.95341953881706,62.95341953881706,1.94195,60.892937846388044,20043896.0,104613.0,5131181056.0,14.2373,71.92374958735154,256.0,0.012234000000000023,0.0163898083363668,16.8164,0.4357237454202882,2.333858614209938,1024,1.0324898703097944,1498199280.0,1.3514,1497840360.0,2.6063730165730754,0.535216,14.0,144.48012117883033,144.48012117883033,2.13019,0.009222865609003318,143304.0,1708.0,36614144.0,36.0459,256.0,39.2471,100
128,30k_s100_r4096_b128_rep1,36470.0,10200,30k,30k_s316_r8192_b128_rep1,36470.0,100488,same_mesh_cell_order,0.0,0.0,1,128.0,128.0,2.987418588464464,85033.0,0.0,12491873680.0,58.6945,3.89432,393216.0,12486856733.0,3.0747588854661023,3.78218,24.0,84.07647198152036,84.07647198152036,5.13858,82.2485005110411,79355328.0,207367.0,20314595328.0,42.6415,96.05665841961469,256.0,0.01527999999999996,0.016020018661980336,49.8003,0.5394267489250077,0.7234394170316244,4096,1.4972822102287024,1498199280.0,0.931893,1497840360.0,2.652407160001626,0.525927,14.0,155.86263037395065,155.86263037395065,1.65474,0.009222865609003318,143304.0,1708.0,36614144.0,33.4135,256.0,36.0275,100
256,30k_s100_r4096_b256_rep1,36470.0,10200,30k,30k_s316_r8192_b128_rep1,36470.0,100488,same_mesh_cell_order,0.0,0.0,1,256.0,256.0,2.839972092491607,74055.0,0.0,10879150052.0,54.4073,3.56764,393216.0,10874780807.0,3.07243040403418,3.29639,24.0,87.27189448931603,87.27189448931603,4.4713,86.42261841966452,76024704.0,99703.0,19461586944.0,41.0802,99.70740161927158,256.0,0.01527999999999996,0.016020018661980336,47.395,0.5596668619395412,0.7596033336849878,4096,1.5267993512657132,1498199280.0,0.913877,1497840360.0,2.6303362756687694,0.53034,14.0,155.93543306615086,155.93543306615086,1.63711,0.009222865609003318,143304.0,1708.0,36614144.0,33.3979,256.0,36.0014,100
64,30k_s100_r4096_b64_rep1,36470.0,10200,30k,30k_s316_r8192_b128_rep1,36470.0,100488,same_mesh_cell_order,0.0,0.0,1,64.0,64.0,2.897579679160452,91412.0,0.0,13428974672.0,64.04,4.31626,393216.0,13423581364.0,3.0351187194206464,4.11901,24.0,77.14871079779475,77.14871079779475,5.60527,75.37350922939052,80531464.0,420167.0,20615865344.0,46.4706,88.14174983753169,256.0,0.01527999999999996,0.016020018661980336,54.3427,0.4958277110020261,0.6812598564296585,4096,0.7752781279270211,1498199280.0,1.79975,1497840360.0,2.636729975462193,0.529054,14.0,155.59580290880413,155.59580290880413,2.5923,0.009222865609003318,143304.0,1708.0,36614144.0,33.4708,256.0,37.0215,100
128,30k_s100_r512_b128_rep1,36470.0,10200,30k,30k_s316_r8192_b128_rep1,36470.0,100488,same_mesh_cell_order,0.0,0.0,1,128.0,128.0,0.4564483191957054,10601.0,0.0,1557351368.0,45.7348,3.17757,49152.0,1556725909.0,2.991354868777186,0.484668,24.0,59.34518179904045,59.34518179904045,2.30479,50.212816036718124,9738720.0,25480.0,2493050880.0,7.55147,67.801368475277,256.0,0.02508599999999994,0.03290228504829763,10.1966,0.4454435956945908,4.303287370299904,512,0.48955385337547935,1498199280.0,2.85016,1497840360.0,2.6395938170567956,0.52848,14.0,133.22715237717605,133.22715237717605,3.6728,0.009222865609003318,143304.0,1708.0,36614144.0,39.0905,256.0,43.8789,100
256,30k_s100_r512_b256_rep1,36470.0,10200,30k,30k_s316_r8192_b128_rep1,36470.0,100488,same_mesh_cell_order,0.0,0.0,1,256.0,256.0,0.30632082525753146,9241.0,0.0,1357557440.0,60.9393,4.12745,49152.0,1357012221.0,3.1056571372840924,0.40694,24.0,64.15851245679991,64.15851245679991,3.73969,46.70936194281752,9172416.0,12062.0,2348015616.0,6.98494,73.30055805776428,256.0,0.02508599999999994,0.03290228504829763,10.9614,0.48199120734974754,3.9312405349681616,512,0.6710044631156885,1498199280.0,2.07943,1497840360.0,2.6012067234371945,0.536279,14.0,133.1113752252425,133.1113752252425,2.85782,0.009222865609003318,143304.0,1708.0,36614144.0,39.1245,256.0,43.0919,100
64,30k_s100_r512_b64_rep1,36470.0,10200,30k,30k_s316_r8192_b128_rep1,36470.0,100488,same_mesh_cell_order,0.0,0.0,1,64.0,64.0,0.40687323747962684,11437.0,0.0,1680162688.0,55.1843,3.84585,49152.0,1679487905.0,2.6698546049359675,0.585854,24.0,50.39633483949179,50.39633483949179,3.93807,38.74737017360638,9922456.0,51818.0,2540112896.0,8.89238,57.57738648145941,256.0,0.02508599999999994,0.03290228504829763,13.2138,0.3297510146587407,2.7749625391636017,512,1.575820161925552,1498199280.0,0.885448,1497840360.0,2.691251505660759,0.518336,14.0,152.8314776882399,152.8314776882399,1.60447,0.009222865609003318,143304.0,1708.0,36614144.0,34.0762,256.0,36.6678,100
128,30k_s100_r64_b128_rep1,36470.0,10200,30k,30k_s316_r8192_b128_rep1,36470.0,100488,same_mesh_cell_order,0.0,0.0,1,128.0,64.0,0.9732605697230199,1426.0,0.0,209488920.0,2.97716,0.200462,6144.0,209404786.0,3.020092890537455,0.0645753,24.0,388.8729070058034,388.8729070058034,0.419727,109.53727348034148,1285824.0,6697.0,329170944.0,0.144052,444.2840085524671,256.0,0.04698899999999995,0.06297212076680621,0.584276,2.576794980897421,63.48711910124667,64,1.572529289087532,1498199280.0,0.887301,1497840360.0,2.6551939860826557,0.525375,14.0,150.91340595143916,150.91340595143916,1.6147,0.009222865609003318,143304.0,1708.0,36614144.0,34.5093,256.0,37.094,100
256,30k_s100_r64_b256_rep1,36470.0,10200,30k,30k_s316_r8192_b128_rep1,36470.0,100488,same_mesh_cell_order,0.0,0.0,1,256.0,64.0,0.9825586600247578,1426.0,0.0,209488920.0,2.93681,0.198565,6144.0,209404786.0,3.0065999194377766,0.0648651,24.0,521.7472943017343,521.7472943017343,0.417792,117.63797647975707,1285824.0,6697.0,329170944.0,0.107366,596.0918726598737,256.0,0.04698899999999995,0.06297212076680621,0.544042,3.4214972206120677,67.60452318019564,64,1.532164324712995,1498199280.0,0.910677,1497840360.0,2.6292158571001067,0.530566,14.0,152.49093033265697,152.49093033265697,1.64891,0.009222865609003318,143304.0,1708.0,36614144.0,34.1523,256.0,36.7797,100
64,30k_s100_r64_b64_rep1,36470.0,10200,30k,30k_s316_r8192_b128_rep1,36470.0,100488,same_mesh_cell_order,0.0,0.0,1,64.0,64.0,0.821401549861765,1426.0,0.0,209488920.0,3.52768,0.237523,6144.0,209404786.0,2.9480703708276326,0.0661529,24.0,330.8600791447641,330.8600791447641,0.448708,100.25203989404612,1285824.0,6697.0,329170944.0,0.16931,378.0048431870534,256.0,0.04698899999999995,0.06297212076680621,0.638391,2.167638596398928,57.42875447805498,64,1.617636371235656,1498199280.0,0.862559,1497840360.0,2.687430362276934,0.519073,14.0,152.63618192369242,152.63618192369242,1.57787,0.009222865609003318,143304.0,1708.0,36614144.0,34.1198,256.0,36.662,100
128,30k_s100_r8_b128_rep1,36470.0,10200,30k,30k_s316_r8192_b128_rep1,36470.0,100488,same_mesh_cell_order,0.0,0.0,1,128.0,8.0,1.0509837111924858,0.0,0.0,27909808.0,0.0247321,0.0,768.0,27903134.0,2.7768797895254997,0.00935828,24.0,83.83325870569334,83.83325870569334,0.0428407,57.8624176364649,50816.0,6352.0,13008896.0,0.0835258,95.77878930821375,256.0,0.19086899999999996,0.21486996379821077,0.138259,0.5463560184926305,264.9252489892159,8,1.3927580634804868,1498199280.0,1.00183,1497840360.0,2.6500842352754534,0.526388,14.0,153.4407160682245,153.4407160682245,1.72694,0.009222865609003318,143304.0,1708.0,36614144.0,33.9409,256.0,36.6283,100
256,30k_s100_r8_b256_rep1,36470.0,10200,30k,30k_s316_r8192_b128_rep1,36470.0,100488,same_mesh_cell_order,0.0,0.0,1,256.0,8.0,0.838136202792505,0.0,0.0,27909808.0,0.0310129,0.0,768.0,27903134.0,2.725971079216064,0.00953305,24.0,59.302821911311355,59.302821911311355,0.0497146,45.30344815869798,50816.0,6352.0,13008896.0,0.118076,67.75297266167553,256.0,0.19086899999999996,0.21486996379821077,0.176587,0.3871006310990129,206.82666334441382,8,1.631874805693647,1498199280.0,0.855033,1497840360.0,2.6881398485327197,0.518936,14.0,153.19743019520635,153.19743019520635,1.56876,0.009222865609003318,143304.0,1708.0,36614144.0,33.9948,256.0,36.5229,100
64,30k_s100_r8_b64_rep1,36470.0,10200,30k,30k_s316_r8192_b128_rep1,36470.0,100488,same_mesh_cell_order,0.0,0.0,1,64.0,8.0,0.0,0.0,0.0,0.0,6.6729e-05,0.0,768.0,27903134.0,2.755950155283312,0.00942935,24.0,65.38222359169724,65.38222359169724,0.131826,32.27302983238195,50816.0,6352.0,13008896.0,0.107097,74.69863768359525,256.0,0.19086899999999996,0.21486996379821077,0.247885,0.4284550650423478,154.6846319866067,8,0.5548733857477238,1498199280.0,2.51464,1497840360.0,2.653774598669425,0.525656,14.0,152.59995487562963,152.59995487562963,3.25048,0.009222865609003318,143304.0,1708.0,36614144.0,34.1279,256.0,38.344,100
128,30k_s10_r1024_b128_rep1,36470.0,120,30k,30k_s316_r8192_b128_rep1,36470.0,100488,same_mesh_cell_order,0.0,0.0,1,128.0,128.0,4.9614598735171445,0.0,0.0,141022336.0,0.0264715,0.0,98304.0,140988544.0,2.719599799288082,0.0482813,24.0,863.6660531717047,863.6660531717047,0.0601349,864.8794743154444,13431808.0,52468.0,3438542848.0,1.03777,986.7311639380595,256.0,0.11768,0.11157328062845187,1.18398,0.46367766047803044,0.06727774117806044,1024,0.9471894204659532,17627792.0,0.0173325,17623568.0,2.7624997851818685,0.00594144,14.0,1862.6432256436606,1862.6432256436606,0.0363118,0.11492560623156403,1680.0,14.0,430080.0,0.0328939,256.0,0.0796555,10
256,30k_s10_r1024_b256_rep1,36470.0,120,30k,30k_s316_r8192_b128_rep1,36470.0,100488,same_mesh_cell_order,0.0,0.0,1,256.0,256.0,3.539020162156144,0.0,0.0,70511168.0,0.0185556,0.0,98304.0,70494272.0,2.76027676780999,0.0237849,24.0,1128.706596161862,1128.706596161862,0.0330936,1148.30132144363,13464576.0,26298.0,3446931456.0,0.794083,1289.5377435356254,256.0,0.11768,0.11157328062845187,0.891752,0.605714300106448,0.0876447711919906,1024,1.0171848864438304,17627792.0,0.0161398,17623568.0,2.6341705155557165,0.00623089,14.0,1863.4306569343066,1863.4306569343066,0.0354819,0.11492560623156403,1680.0,14.0,430080.0,0.03288,256.0,0.0781574,10
64,30k_s10_r1024_b64_rep1,36470.0,120,30k,30k_s316_r8192_b128_rep1,36470.0,100488,same_mesh_cell_order,0.0,0.0,1,64.0,64.0,5.609516174217606,0.0,0.0,282044672.0,0.0468266,0.0,98304.0,281977088.0,2.8349745185154216,0.0926328,24.0,651.4090354090355,651.4090354090355,0.10782,646.8934584162481,13349632.0,104294.0,3417505792.0,1.37592,744.229315657887,256.0,0.11768,0.11157328062845187,1.58295,0.345604146420473,0.048430398938690424,1024,1.0025685724194744,17627792.0,0.0163751,17623568.0,2.709186433898111,0.00605836,14.0,1884.8414932398136,1884.8414932398136,0.0354979,0.11492560623156403,1680.0,14.0,430080.0,0.0325065,256.0,0.0766629,10
128,30k_s10_r4096_b128_rep1,36470.0,120,30k,30k_s316_r8192_b128_rep1,36470.0,100488,same_mesh_cell_order,0.0,0.0,1,128.0,128.0,2.3146600819824834,0.0,0.0,564089344.0,0.226966,0.0,393216.0,563954176.0,2.7255299818762913,0.192705,24.0,893.3476063750261,893.3476063750261,0.218944,896.9591857292393,53711360.0,209810.0,13750108160.0,4.01316,1020.6420875320197,256.0,0.12476999999999983,0.1123887909051543,4.56654,0.5095934717636119,0.01785386747953593,4096,0.9939734105618033,17627792.0,0.0165167,17623568.0,2.6050797359039817,0.00630047,14.0,1753.059361775789,1753.059361775789,0.036564,0.11492560623156403,1680.0,14.0,430080.0,0.0349501,256.0,0.0815304,10
256,30k_s10_r4096_b256_rep1,36470.0,120,30k,30k_s316_r8192_b128_rep1,36470.0,100488,same_mesh_cell_order,0.0,0.0,1,256.0,256.0,5.381396432069798,0.0,0.0,282044672.0,0.0488116,0.0,393216.0,281977088.0,2.7545268064504613,0.0953382,24.0,1249.1583352206408,1249.1583352206408,0.111666,1262.7165669893336,53855232.0,105186.0,13786939392.0,2.87005,1427.152837058588,256.0,0.12476999999999983,0.1123887909051543,3.2438,0.7969119502646792,0.027162032184475,4096,0.9894027981815304,17627792.0,0.016593,17623568.0,2.575047925332166,0.00637395,14.0,1567.4985609210107,1567.4985609210107,0.0369679,0.11492560623156403,1680.0,14.0,430080.0,0.0390875,256.0,0.0881082,10
64,30k_s10_r4096_b64_rep1,36470.0,120,30k,30k_s316_r8192_b128_rep1,36470.0,100488,same_mesh_cell_order,0.0,0.0,1,64.0,64.0,6.467586794790422,0.0,0.0,1128178688.0,0.162456,0.0,393216.0,1127908352.0,2.786108559835932,0.37703,24.0,565.3610877196303,565.3610877196303,0.415427,568.4065327895356,53402112.0,417204.0,13670940672.0,6.34134,645.9202629097321,256.0,0.12476999999999983,0.1123887909051543,7.20611,0.34587830512613604,0.012187254982230358,4096,0.9604666633646798,17627792.0,0.0170929,17623568.0,2.732859584885306,0.00600588,14.0,1634.566491568335,1634.566491568335,0.0392167,0.11492560623156403,1680.0,14.0,430080.0,0.0374837,256.0,0.0878227,10
128,30k_s10_r512_b128_rep1,36470.0,120,30k,30k_s316_r8192_b128_rep1,36470.0,100488,same_mesh_cell_order,0.0,0.0,1,128.0,128.0,2.832706095637816,0.0,0.0,70511168.0,0.0231823,0.0,49152.0,70494272.0,2.477823495243991,0.0264962,24.0,880.5668407587744,880.5668407587744,0.0359734,879.4198577126152,6724608.0,26268.0,1721499648.0,0.508926,1006.0401708696353,256.0,0.12542999999999993,0.11663347609439596,0.582202,0.4837687881651052,0.13514347254045847,512,0.9870056230709562,17627792.0,0.0166333,17623568.0,2.685357408504898,0.00611212,14.0,1820.2225160054068,1820.2225160054068,0.0363032,0.11492560623156403,1680.0,14.0,430080.0,0.0336605,256.0,0.0786808,10
256,30k_s10_r512_b256_rep1,36470.0,120,30k,30k_s316_r8192_b128_rep1,36470.0,100488,same_mesh_cell_order,0.0,0.0,1,256.0,256.0,0.7613808620222812,0.0,0.0,35255584.0,0.0431247,0.0,49152.0,35247136.0,2.728784046762755,0.0120297,24.0,1281.658301373624,1281.658301373624,0.0207411,1271.2379921391807,6733824.0,13152.0,1723858944.0,0.349659,1464.2837736194406,256.0,0.12542999999999993,0.11663347609439596,0.402757,0.6918908177068843,0.19670247816921865,512,0.9202186390642716,17627792.0,0.0178405,17623568.0,2.6891235154026436,0.00610356,14.0,1852.3996396156704,1852.3996396156704,0.036823,0.11492560623156403,1680.0,14.0,430080.0,0.0330758,256.0,0.0792233,10
64,30k_s10_r512_b64_rep1,36470.0,120,30k,30k_s316_r8192_b128_rep1,36470.0,100488,same_mesh_cell_order,0.0,0.0,1,64.0,64.0,4.625236304024154,0.0,0.0,141022336.0,0.0283958,0.0,49152.0,140988544.0,2.793770439884843,0.0469995,24.0,545.423450330618,545.423450330618,0.0587471,548.5798531906025,6684672.0,52224.0,1711276032.0,0.821643,623.1416807542935,256.0,0.12542999999999993,0.11663347609439596,0.933319,0.3070308081316512,0.08509512824661236,512,0.9481357784043001,17627792.0,0.0173152,17623568.0,2.7082789595506163,0.00606039,14.0,1776.4453464772398,1776.4453464772398,0.0363862,0.11492560623156403,1680.0,14.0,430080.0,0.03449,256.0,0.0794209,10
128,30k_s10_r64_b128_rep1,36470.0,120,30k,30k_s316_r8192_b128_rep1,36470.0,100488,same_mesh_cell_order,0.0,0.0,1,128.0,64.0,6.9299375396687815,0.0,0.0,17627792.0,0.00236902,0.0,6144.0,17623568.0,2.6836538135498627,0.006116,24.0,748.671466432158,748.671466432158,0.0145888,665.2426316582731,831104.0,6493.0,212762624.0,0.0748231,855.3508208026665,256.0,0.11579300000000003,0.1250760392887097,0.0962055,0.40821006957935263,0.8270618623675361,64,0.9366248648006696,17627792.0,0.017528,17623568.0,2.633367516581011,0.00623279,14.0,1834.0347831292843,1834.0347831292843,0.0368954,0.11492560623156403,1680.0,14.0,430080.0,0.033407,256.0,0.0795679,10
256,30k_s10_r64_b256_rep1,36470.0,120,30k,30k_s316_r8192_b128_rep1,36470.0,100488,same_mesh_cell_order,0.0,0.0,1,256.0,64.0,7.660830905378504,0.0,0.0,17627792.0,0.002143,0.0,6144.0,17623568.0,2.803326904029432,0.00585491,24.0,600.7380279575543,600.7380279575543,0.0138023,561.4429082742648,831104.0,6493.0,212762624.0,0.0932485,686.3381180394323,256.0,0.11579300000000003,0.1250760392887097,0.113992,0.33123461963003625,0.7320899712260509,64,0.809273284444484,17627792.0,0.0202863,17623568.0,2.4981966176213746,0.00657003,14.0,1813.6329729921733,1813.6329729921733,0.0420392,0.11492560623156403,1680.0,14.0,430080.0,0.0337828,256.0,0.0834524,10
64,30k_s10_r64_b64_rep1,36470.0,120,30k,30k_s316_r8192_b128_rep1,36470.0,100488,same_mesh_cell_order,0.0,0.0,1,64.0,64.0,6.813937630575107,0.0,0.0,17627792.0,0.00240935,0.0,6144.0,17623568.0,2.6244534220991116,0.00625396,24.0,665.6975942730294,665.6975942730294,0.0160583,595.570444816676,831104.0,6493.0,212762624.0,0.0841492,760.5538733582732,256.0,0.11579300000000003,0.1250760392887097,0.10746,0.3627168342488274,0.780466219988833,64,0.8686512217309433,17627792.0,0.0188996,17623568.0,2.626112074008035,0.00625001,14.0,1835.309341656732,1835.309341656732,0.0389689,0.11492560623156403,1680.0,14.0,430080.0,0.0333838,256.0,0.0838689,10
128,30k_s10_r8_b128_rep1,36470.0,120,30k,30k_s316_r8192_b128_rep1,36470.0,100488,same_mesh_cell_order,0.0,0.0,1,128.0,8.0,1.0344218114703323,0.0,0.0,13661412.0,0.0122998,0.0,768.0,13658133.0,2.7273994956935885,0.00466383,24.0,73.451790653837,73.451790653837,0.0239642,63.5011350827896,49960.0,6245.0,12789760.0,0.0953311,83.91804982844003,256.0,0.18777000000000002,0.23443222963513055,0.125982,0.03912631120079687,0.6123866901620866,8,0.9057593877191624,17627792.0,0.0181253,17623568.0,2.7099558044841627,0.00605664,14.0,1877.2991472894341,1877.2991472894341,0.0366349,0.11492560623156403,1680.0,14.0,430080.0,0.0326371,256.0,0.0771497,10
256,30k_s10_r8_b256_rep1,36470.0,120,30k,30k_s316_r8192_b128_rep1,36470.0,100488,same_mesh_cell_order,0.0,0.0,1,256.0,8.0,0.882922728654004,0.0,0.0,13661412.0,0.0144103,0.0,768.0,13658133.0,2.6928313800623727,0.0047237,24.0,103.25746828797848,103.25746828797848,0.0270394,78.90557961079823,49960.0,6245.0,12789760.0,0.0678134,117.97078453520986,256.0,0.18777000000000002,0.23443222963513055,0.101387,0.054968992643257615,0.7691163561403336,8,0.9133634853027713,17627792.0,0.0179744,17623568.0,2.6367815297187596,0.00622472,14.0,1878.4675382011724,1878.4675382011724,0.0380254,0.11492560623156403,1680.0,14.0,430080.0,0.0326168,256.0,0.0779784,10
64,30k_s10_r8_b64_rep1,36470.0,120,30k,30k_s316_r8192_b128_rep1,36470.0,100488,same_mesh_cell_order,0.0,0.0,1,64.0,8.0,0.0,0.0,0.0,0.0,0.000184351,0.0,768.0,13658133.0,2.6143247094368838,0.00486555,24.0,97.7525501763869,97.7525501763869,0.0589452,58.43638833901871,49960.0,6245.0,12789760.0,0.0716323,111.68146213370225,256.0,0.18777000000000002,0.23443222963513055,0.136901,0.05435345308112202,0.7664078421633151,8,0.444925177044886,17627792.0,0.0368987,17623568.0,2.5236868911969643,0.00650367,14.0,1798.460716571073,1798.460716571073,0.0564315,0.11492560623156403,1680.0,14.0,430080.0,0.0340678,256.0,0.104922,10
128,30k_s20_r1024_b128_rep1,36470.0,440,30k,30k_s316_r8192_b128_rep1,36470.0,100488,same_mesh_cell_order,0.0,0.0,1,128.0,128.0,2.021100461416411,3517.0,0.0,516697336.0,3.07671,0.238094,98304.0,516489833.0,2.941146581017674,0.163548,24.0,874.4090066535286,874.4090066535286,0.253919,740.6978762803079,20566656.0,53559.0,5265063936.0,1.02502,999.0048974654153,256.0,0.10403999999999991,0.07837809141272475,1.38248,0.48361308122717656,0.17091386493837163,1024,1.2974991556362205,64631808.0,0.0463916,64616312.0,2.6480779239968073,0.0227254,14.0,1808.0755889288616,1808.0755889288616,0.0980945,0.059251417431071415,6160.0,56.0,1576960.0,0.124251,256.0,0.236285,20
256,30k_s20_r1024_b256_rep1,36470.0,440,30k,30k_s316_r8192_b128_rep1,36470.0,100488,same_mesh_cell_order,0.0,0.0,1,256.0,256.0,1.8335228856243906,1760.0,0.0,258569088.0,1.80325,0.131338,98304.0,258465248.0,2.933825568155082,0.082048,24.0,1187.6994756447104,1187.6994756447104,0.177278,1015.1277831750501,20651520.0,26890.0,5286789120.0,0.754641,1356.9366095931707,256.0,0.10403999999999991,0.07837809141272475,1.00874,0.6669043852743122,0.24733925491206854,1024,1.1308193529279438,64631808.0,0.0532296,64616312.0,2.5549761204915207,0.0235535,14.0,1780.914178808682,1780.914178808682,0.10794,0.059251417431071415,6160.0,56.0,1576960.0,0.126146,256.0,0.249501,20
64,30k_s20_r1024_b64_rep1,36470.0,440,30k,30k_s316_r8192_b128_rep1,36470.0,100488,same_mesh_cell_order,0.0,0.0,1,64.0,64.0,2.4234144030785263,6820.0,0.0,1001954652.0,5.49352,0.385053,98304.0,1001552272.0,2.93696469908633,0.317596,24.0,537.0974376183514,537.0974376183514,0.409603,457.67408599267003,20408640.0,106295.0,5224611840.0,1.66876,613.6292816222824,256.0,0.10403999999999991,0.07837809141272475,2.2374,0.296060189959852,0.10576427996781979,1024,1.2894304179695617,64631808.0,0.0466819,64616312.0,2.6072800162036756,0.023081,14.0,1814.1494730891911,1814.1494730891911,0.100531,0.059251417431071415,6160.0,56.0,1576960.0,0.123835,256.0,0.236637,20
128,30k_s20_r4096_b128_rep1,36470.0,440,30k,30k_s316_r8192_b128_rep1,36470.0,100488,same_mesh_cell_order,0.0,0.0,1,128.0,128.0,2.5446416611429226,14067.0,0.0,2066642668.0,10.426,0.756378,393216.0,2065812715.0,2.959039690563053,0.65019,24.0,880.3566661264421,880.3566661264421,0.783562,775.7325995185761,82229376.0,214139.0,21050720256.0,4.07238,1005.8000481291039,256.0,0.07267999999999986,0.05941290965714397,5.28017,0.5082869323742719,0.047372527778461675,4096,1.1674847468305203,64631808.0,0.0515579,64616312.0,2.563552678159765,0.0234747,14.0,1732.0072778857127,1732.0072778857127,0.105668,0.059251417431071415,6160.0,56.0,1576960.0,0.129708,256.0,0.250135,20
256,30k_s20_r4096_b256_rep1,36470.0,440,30k,30k_s316_r8192_b128_rep1,36470.0,100488,same_mesh_cell_order,0.0,0.0,1,256.0,256.0,2.3458590529048986,7040.0,0.0,1034276352.0,5.37308,0.410615,393216.0,1033860992.0,2.99991301420091,0.320962,24.0,1185.3253411183591,1185.3253411183591,0.416525,1112.384511349255,82614528.0,107571.0,21149319168.0,3.02461,1354.224180968786,256.0,0.07267999999999986,0.05941290965714397,3.68218,0.6579313516303079,0.06433878843511182,4096,1.2778405365980745,64631808.0,0.0471053,64616312.0,2.657045660633813,0.0226487,14.0,1801.5942517121366,1801.5942517121366,0.0981249,0.059251417431071415,6160.0,56.0,1576960.0,0.124698,256.0,0.236907,20
64,30k_s20_r4096_b64_rep1,36470.0,440,30k,30k_s316_r8192_b128_rep1,36470.0,100488,same_mesh_cell_order,0.0,0.0,1,64.0,64.0,2.588852538247792,27320.0,0.0,4013694376.0,19.9169,1.4439,393216.0,4012082496.0,2.9527385513014464,1.26545,24.0,563.9754598138721,563.9754598138721,1.41713,484.9185133269719,81638016.0,425198.0,20899332096.0,6.35692,644.3371947421078,256.0,0.07267999999999986,0.05941290965714397,8.44678,0.3298571300272754,0.0293054868245651,4096,1.284414581463319,64631808.0,0.0468642,64616312.0,2.572055086057547,0.0233971,14.0,1709.756765807178,1709.756765807178,0.0991878,0.059251417431071415,6160.0,56.0,1576960.0,0.131396,256.0,0.247537,20
128,30k_s20_r512_b128_rep1,36470.0,440,30k,30k_s316_r8192_b128_rep1,36470.0,100488,same_mesh_cell_order,0.0,0.0,1,128.0,128.0,1.9094423289046292,1760.0,0.0,258569088.0,1.76162,0.126116,49152.0,258465248.0,2.993950522771534,0.0804003,24.0,1034.4260425779437,1034.4260425779437,0.173909,782.2371064560533,10296960.0,26815.0,2636021760.0,0.433229,1181.8230081550405,256.0,0.11444999999999994,0.08864731483661632,0.654533,0.5871066479252911,0.37614451830541773,512,1.1385042609671834,64631808.0,0.0528703,64616312.0,2.6453889291160753,0.0227485,14.0,1761.9048365972064,1761.9048365972064,0.105518,0.059251417431071415,6160.0,56.0,1576960.0,0.127507,256.0,0.246199,20
256,30k_s20_r512_b256_rep1,36470.0,440,30k,30k_s316_r8192_b128_rep1,36470.0,100488,same_mesh_cell_order,0.0,0.0,1,256.0,256.0,1.3223394033943014,880.0,0.0,129284544.0,1.20804,0.091055,49152.0,129232624.0,2.9518356221778763,0.0407737,24.0,1154.5980038027712,1154.5980038027712,0.131884,914.8002894485292,10335744.0,13458.0,2645950464.0,0.388138,1319.118457868078,256.0,0.11444999999999994,0.08864731483661632,0.559685,0.7329947247976403,0.47888008433315166,512,1.1612256746999812,64631808.0,0.0518358,64616312.0,2.5095760585663247,0.0239796,14.0,1575.17914487246,1575.17914487246,0.108819,0.059251417431071415,6160.0,56.0,1576960.0,0.142622,256.0,0.268022,20
64,30k_s20_r512_b64_rep1,36470.0,440,30k,30k_s316_r8192_b128_rep1,36470.0,100488,same_mesh_cell_order,0.0,0.0,1,64.0,64.0,2.1523510820591354,3427.0,0.0,503475708.0,3.00773,0.217854,49152.0,503273515.0,2.977240732292761,0.157431,24.0,506.5546875794771,506.5546875794771,0.249495,420.1784116927774,10216704.0,53212.0,2615476224.0,0.884689,578.734447924638,256.0,0.11444999999999994,0.08864731483661632,1.21853,0.28261331779472054,0.1945565558500817,512,1.2754496759860083,64631808.0,0.0471936,64616312.0,2.6129063515301802,0.0230313,14.0,1792.3949640172973,1792.3949640172973,0.0992738,0.059251417431071415,6160.0,56.0,1576960.0,0.125338,256.0,0.237073,20
128,30k_s20_r64_b128_rep1,36470.0,440,30k,30k_s316_r8192_b128_rep1,36470.0,100488,same_mesh_cell_order,0.0,0.0,1,128.0,64.0,0.9572391309121019,431.0,0.0,63319736.0,0.838812,0.0616054,6144.0,63294307.0,3.035678742300651,0.0194182,24.0,624.0779134836806,624.0779134836806,0.105376,311.73284495187625,1278528.0,6659.0,327303168.0,0.0897611,713.0037399274296,256.0,0.037178000000000044,0.05166552952856599,0.205304,0.3401333412485237,1.1420137941783892,64,1.2724353208854229,64631808.0,0.0473054,64616312.0,2.648940490095829,0.022718,14.0,1834.8037013745395,1834.8037013745395,0.0977973,0.059251417431071415,6160.0,56.0,1576960.0,0.122441,256.0,0.23446,20
256,30k_s20_r64_b256_rep1,36470.0,440,30k,30k_s316_r8192_b128_rep1,36470.0,100488,same_mesh_cell_order,0.0,0.0,1,256.0,64.0,0.9751044543682509,431.0,0.0,63319736.0,0.821787,0.0604767,6144.0,63294307.0,2.9935615016577035,0.0196914,24.0,500.24933023754244,500.24933023754244,0.104986,279.39057929890424,1278528.0,6659.0,327303168.0,0.11198,571.5306304697267,256.0,0.037178000000000044,0.05166552952856599,0.22907,0.27302760465110887,1.0121927794997163,64,1.3207879524245019,64631808.0,0.0455736,64616312.0,2.6411164239223113,0.0227853,14.0,1832.2298614339425,1832.2298614339425,0.0961888,0.059251417431071415,6160.0,56.0,1576960.0,0.122613,256.0,0.231863,20
64,30k_s20_r64_b64_rep1,36470.0,440,30k,30k_s316_r8192_b128_rep1,36470.0,100488,same_mesh_cell_order,0.0,0.0,1,64.0,64.0,0.7915435086520844,431.0,0.0,63319736.0,1.02819,0.0745014,6144.0,63294307.0,2.9795198670526233,0.0197842,24.0,438.9637500587709,438.9637500587709,0.120226,245.7266598067974,1278528.0,6659.0,327303168.0,0.127614,501.5123732505838,256.0,0.037178000000000044,0.05166552952856599,0.260452,0.23746089821598776,0.9066123508362385,64,1.2337525944301184,64631808.0,0.0487886,64616312.0,2.5672929354747995,0.0234405,14.0,1848.572768639584,1848.572768639584,0.101027,0.059251417431071415,6160.0,56.0,1576960.0,0.121529,256.0,0.236129,20
128,30k_s20_r8_b128_rep1,36470.0,440,30k,30k_s316_r8192_b128_rep1,36470.0,100488,same_mesh_cell_order,0.0,0.0,1,128.0,8.0,1.2662575965093579,0.0,0.0,21738776.0,0.0159887,0.0,768.0,21733572.0,2.7629059674870184,0.00732597,24.0,81.95285005202341,81.95285005202341,0.0359926,61.434495469205956,49880.0,6235.0,12769280.0,0.0854423,93.63043831919319,256.0,0.15192999999999995,0.19501119605941594,0.13022,0.047457499646871876,1.9178851174934726,8,1.198272493661827,64631808.0,0.0502332,64616312.0,2.6615817733666387,0.0226101,14.0,1726.86826448568,1726.86826448568,0.101766,0.059251417431071415,6160.0,56.0,1576960.0,0.130094,256.0,0.249747,20
256,30k_s20_r8_b256_rep1,36470.0,440,30k,30k_s316_r8192_b128_rep1,36470.0,100488,same_mesh_cell_order,0.0,0.0,1,256.0,8.0,1.2096151632457355,0.0,0.0,21738776.0,0.0167374,0.0,768.0,21733572.0,2.856093917915331,0.00708694,24.0,44.81318878236717,44.81318878236717,0.0367312,39.25571170605323,49880.0,6235.0,12769280.0,0.156254,51.19868931355357,256.0,0.15192999999999995,0.19501119605941594,0.203792,0.02456459919820858,1.1510952343565988,8,1.3076152784566901,64631808.0,0.0460327,64616312.0,2.575665868611387,0.0233643,14.0,1824.299611842853,1824.299611842853,0.097322,0.059251417431071415,6160.0,56.0,1576960.0,0.123146,256.0,0.234584,20
64,30k_s20_r8_b64_rep1,36470.0,440,30k,30k_s316_r8192_b128_rep1,36470.0,100488,same_mesh_cell_order,0.0,0.0,1,64.0,8.0,0.0,0.0,0.0,0.0,4.7812e-05,0.0,768.0,21733572.0,2.79925516684519,0.00723084,24.0,97.64785780326348,97.64785780326348,0.0912959,46.778428127868835,49880.0,6235.0,12769280.0,0.0717091,111.56185198252383,256.0,0.15192999999999995,0.19501119605941594,0.171019,0.055771653317850396,2.0028827206333797,8,0.4132861535144583,64631808.0,0.145645,64616312.0,2.602015334598643,0.0231277,14.0,1750.8510505642496,1750.8510505642496,0.197341,0.059251417431071415,6160.0,56.0,1576960.0,0.128312,256.0,0.342531,20
128,30k_s224_r1024_b128_rep1,36470.0,50624,30k,30k_s316_r8192_b128_rep1,36470.0,100488,same_mesh_cell_order,0.0,0.0,1,128.0,128.0,1.1485946646420342,23825.0,0.0,3500014744.0,43.2689,2.83794,98304.0,3498609069.0,2.881007989349092,1.13097,24.0,77.25544062887877,77.25544062887877,3.05275,65.9963908223769,20033072.0,52308.0,5128394752.0,11.6016,88.26368776720453,256.0,0.027409999999999934,0.023947203220218684,15.516,0.420323533062157,10.039572054653261,1024,0.9573377166345801,7435701216.0,7.23364,7433919872.0,2.6232366750691325,2.63925,14.0,183.79994112167478,183.79994112167478,10.8509,0.0017715449205000606,710500.0,7602.0,181637120.0,140.629,256.0,155.774,224
256,30k_s224_r1024_b256_rep1,36470.0,50624,30k,30k_s316_r8192_b128_rep1,36470.0,100488,same_mesh_cell_order,0.0,0.0,1,256.0,256.0,1.0695097195312595,23112.0,0.0,3395269408.0,45.054,2.95658,98304.0,3393905800.0,3.0078136093507335,1.05087,24.0,95.41491892858626,95.41491892858626,3.80307,73.80818521241477,19400032.0,25399.0,4966264832.0,9.39357,109.01073819644714,256.0,0.027409999999999934,0.023947203220218684,13.8738,0.4552249150142563,9.855987544868746,1024,1.128096776438713,7435701216.0,6.13869,7433919872.0,2.665667167715039,2.59724,14.0,209.5995095646251,209.5995095646251,9.65137,0.0017715449205000606,710500.0,7602.0,181637120.0,123.319,256.0,136.74,224
64,30k_s224_r1024_b64_rep1,36470.0,50624,30k,30k_s316_r8192_b128_rep1,36470.0,100488,same_mesh_cell_order,0.0,0.0,1,64.0,64.0,1.3320204053280915,24193.0,0.0,3554075544.0,37.7273,2.48494,98304.0,3552648157.0,2.992097511557402,1.1058,24.0,82.63372700871248,82.63372700871248,2.66374,71.17882985896304,20240920.0,105560.0,5181639680.0,10.8465,94.40833448577882,256.0,0.027409999999999934,0.023947203220218684,14.3863,0.48160271154085016,11.468063365841113,1024,1.1172747352930414,7435701216.0,6.19815,7433919872.0,2.6665501177316915,2.59638,14.0,171.5806930246143,171.5806930246143,9.71231,0.0017715449205000606,710500.0,7602.0,181637120.0,150.644,256.0,164.983,224
128,30k_s224_r4096_b128_rep1,36470.0,50624,30k,30k_s316_r8192_b128_rep1,36470.0,100488,same_mesh_cell_order,0.0,0.0,1,128.0,128.0,2.216052891625244,95197.0,0.0,13984875032.0,89.3597,5.87731,393216.0,13979258409.0,3.0369161817141572,4.28698,24.0,102.88487352996883,102.88487352996883,7.51352,90.72685590245091,80314144.0,209666.0,20560154624.0,34.8462,117.54509817426289,256.0,0.009540000000000104,0.010536837344228927,45.1465,0.601802986487498,3.7397361921743655,4096,0.7597615294502388,7435701216.0,9.11475,7433919872.0,2.5610173208536784,2.70337,14.0,170.96105509623652,170.96105509623652,12.8745,0.0017715449205000606,710500.0,7602.0,181637120.0,151.19,256.0,168.836,224
256,30k_s224_r4096_b256_rep1,36470.0,50624,30k,30k_s316_r8192_b128_rep1,36470.0,100488,same_mesh_cell_order,0.0,0.0,1,256.0,256.0,1.5127374594536516,92443.0,0.0,13580294504.0,127.165,8.36076,393216.0,13574840367.0,3.0381920836940624,4.16121,24.0,100.75193781457345,100.75193781457345,8.48892,87.83441839719342,78031424.0,102118.0,19975512064.0,35.5839,115.10823715219523,256.0,0.009540000000000104,0.010536837344228927,46.6332,0.5032139425639144,3.1108309101670057,4096,0.8193660920946749,7435701216.0,8.4517,7433919872.0,2.6199905373190013,2.64252,14.0,200.21690436722488,200.21690436722488,12.0606,0.0017715449205000606,710500.0,7602.0,181637120.0,129.098,256.0,145.068,224
64,30k_s224_r4096_b64_rep1,36470.0,50624,30k,30k_s316_r8192_b128_rep1,36470.0,100488,same_mesh_cell_order,0.0,0.0,1,64.0,64.0,2.047474608370043,96709.0,0.0,14206992452.0,97.9104,6.46225,393216.0,14201286621.0,2.9986733850243095,4.41061,24.0,92.76865919200127,92.76865919200127,7.17079,84.09348008631079,80925280.0,422040.0,20716728320.0,38.6461,105.98740882003618,256.0,0.009540000000000104,0.010536837344228927,48.7077,0.5021026679306965,3.1794767562418262,4096,1.0078702831273307,7435701216.0,6.87096,7433919872.0,2.5544313239948524,2.71034,14.0,184.76033910420452,184.76033910420452,10.624,0.0017715449205000606,710500.0,7602.0,181637120.0,139.898,256.0,154.865,224
128,30k_s224_r512_b128_rep1,36470.0,50624,30k,30k_s316_r8192_b128_rep1,36470.0,100488,same_mesh_cell_order,0.0,0.0,1,128.0,128.0,0.795084372233199,11898.0,0.0,1747871184.0,31.0964,2.04737,49152.0,1747169202.0,3.0203178494711977,0.538744,24.0,54.72704580702675,54.72704580702675,2.15867,47.546966559252624,9741024.0,25486.0,2493640704.0,8.1887,62.52518714814317,256.0,0.04517099999999996,0.04767123814434037,10.7683,0.32692545281684604,15.45629300818142,512,1.9334226008394122,7435701216.0,3.58175,7433919872.0,2.5470167699849564,2.71823,14.0,167.39915884642537,167.39915884642537,7.3365,0.0017715449205000606,710500.0,7602.0,181637120.0,154.407,256.0,166.438,224
256,30k_s224_r512_b256_rep1,36470.0,50624,30k,30k_s316_r8192_b128_rep1,36470.0,100488,same_mesh_cell_order,0.0,0.0,1,256.0,256.0,0.9647571374686407,11553.0,0.0,1697187628.0,24.8671,1.63837,49152.0,1696506001.0,3.0625149476500533,0.515914,24.0,62.54574078338602,62.54574078338602,2.08146,53.035670631911735,9153984.0,12038.0,2343297024.0,7.16505,71.45798005596612,256.0,0.04517099999999996,0.04767123814434037,9.65388,0.37607633487306147,17.589818808603383,512,1.1728444165373688,7435701216.0,5.90448,7433919872.0,2.580182311519146,2.68329,14.0,166.3112910428074,166.3112910428074,9.63105,0.0017715449205000606,710500.0,7602.0,181637120.0,155.417,256.0,169.81,224
64,30k_s224_r512_b64_rep1,36470.0,50624,30k,30k_s316_r8192_b128_rep1,36470.0,100488,same_mesh_cell_order,0.0,0.0,1,64.0,64.0,0.8460188939192368,12097.0,0.0,1777105320.0,29.4899,1.95629,49152.0,1776391597.0,2.9315079775871697,0.564349,24.0,44.8181455423711,44.8181455423711,1.69025,41.839978426261126,9980208.0,52099.0,2554902528.0,9.99915,51.204352369951444,256.0,0.04517099999999996,0.04767123814434037,12.2371,0.26198419749912083,13.232138333428672,512,2.4914504664677946,7435701216.0,2.77952,7433919872.0,2.693564818147097,2.57034,14.0,171.07194239271436,171.07194239271436,6.21746,0.0017715449205000606,710500.0,7602.0,181637120.0,151.092,256.0,161.923,224
128,30k_s224_r64_b128_rep1,36470.0,50624,30k,30k_s316_r8192_b128_rep1,36470.0,100488,same_mesh_cell_order,0.0,0.0,1,128.0,64.0,0.6555980339459715,1514.0,0.0,222410096.0,4.70648,0.315949,6144.0,222320770.0,3.048788183512665,0.067913,24.0,26.349718242283416,26.349718242283416,0.474704,23.821310395396534,1185104.0,6212.0,303376384.0,2.12594,30.104330319764433,256.0,0.22041,0.19619011508078812,2.68667,0.12231583235789696,48.21023795255837,64,2.746591626829028,7435701216.0,2.52132,7433919872.0,2.6837396626325063,2.57975,14.0,215.42361061799392,215.42361061799392,5.96424,0.0017715449205000606,710500.0,7602.0,181637120.0,119.985,256.0,129.525,224
256,30k_s224_r64_b256_rep1,36470.0,50624,30k,30k_s316_r8192_b128_rep1,36470.0,100488,same_mesh_cell_order,0.0,0.0,1,256.0,64.0,0.614149835228527,1514.0,0.0,222410096.0,5.01577,0.337272,6144.0,222320770.0,3.0490216426816303,0.0679078,24.0,25.790701743077875,25.790701743077875,0.492376,23.270188706686543,1185104.0,6212.0,303376384.0,2.17202,29.465658695592122,256.0,0.22041,0.19619011508078812,2.7503,0.11942252663809282,47.00178162382286,64,2.7002614075429756,7435701216.0,2.56458,7433919872.0,2.654699783615689,2.60797,14.0,215.96178266463912,215.96178266463912,6.00047,0.0017715449205000606,710500.0,7602.0,181637120.0,119.686,256.0,129.269,224
64,30k_s224_r64_b64_rep1,36470.0,50624,30k,30k_s316_r8192_b128_rep1,36470.0,100488,same_mesh_cell_order,0.0,0.0,1,64.0,64.0,0.794344071924298,1514.0,0.0,222410096.0,3.89388,0.260763,6144.0,222320770.0,3.0543470204323335,0.0677894,24.0,25.136375058333634,25.136375058333634,0.478717,22.925099401798185,1185104.0,6212.0,303376384.0,2.22856,28.71809599023585,256.0,0.22041,0.19619011508078812,2.7917,0.1166397112516555,46.48565390263997,64,2.574496962874114,7435701216.0,2.68986,7433919872.0,2.688679808884707,2.57501,14.0,215.50443488410872,215.50443488410872,6.11454,0.0017715449205000606,710500.0,7602.0,181637120.0,119.94,256.0,129.774,224
128,30k_s224_r8_b128_rep1,36470.0,50624,30k,30k_s316_r8192_b128_rep1,36470.0,100488,same_mesh_cell_order,0.0,0.0,1,128.0,8.0,0.39426709888751893,0.0,0.0,28202432.0,0.0666187,0.0,768.0,28195688.0,2.8044689829852665,0.00936337,24.0,102.73616256464807,102.73616256464807,0.101363,44.68599708423869,51016.0,6377.0,13060096.0,0.0681575,117.37519715365147,256.0,0.33697999999999995,0.35120871970310946,0.179027,0.47559928545967384,759.4385204466366,8,0.7380014280978915,7435701216.0,9.3835,7433919872.0,2.682585415201215,2.58086,14.0,216.0141230350084,216.0141230350084,12.811,0.0017715449205000606,710500.0,7602.0,181637120.0,119.657,256.0,135.96,224
256,30k_s224_r8_b256_rep1,36470.0,50624,30k,30k_s316_r8192_b128_rep1,36470.0,100488,same_mesh_cell_order,0.0,0.0,1,256.0,8.0,1.5623196414835894,0.0,0.0,28202432.0,0.0168119,0.0,768.0,28195688.0,2.8615105115133463,0.00917672,24.0,105.76475172870052,105.76475172870052,0.0343327,73.77487596598978,51016.0,6377.0,13060096.0,0.0662058,120.83533466856379,256.0,0.33697999999999995,0.35120871970310946,0.108438,0.4897260032216585,1201.1748648997582,8,1.8804696670449939,7435701216.0,3.68261,7433919872.0,2.687792579828177,2.57586,14.0,215.9671960094583,215.9671960094583,7.08843,0.0017715449205000606,710500.0,7602.0,181637120.0,119.683,256.0,130.253,224
64,30k_s224_r8_b64_rep1,36470.0,50624,30k,30k_s316_r8192_b128_rep1,36470.0,100488,same_mesh_cell_order,0.0,0.0,1,64.0,8.0,0.0,0.0,0.0,0.0,6.2696e-05,0.0,768.0,28195688.0,2.663429156647066,0.0098592,24.0,81.53374125975908,81.53374125975908,0.116799,37.685009845208825,51016.0,6377.0,13060096.0,0.0858815,93.15161006736025,256.0,0.33697999999999995,0.35120871970310946,0.212286,0.3819981481112513,659.5960166944593,8,0.5876842731047018,7435701216.0,11.7836,7433919872.0,2.648464446666823,2.61411,14.0,213.44014797687862,213.44014797687862,15.3059,0.0017715449205000606,710500.0,7602.0,181637120.0,121.1,256.0,140.023,224
128,30k_s30_r1024_b128_rep1,36470.0,960,30k,30k_s316_r8192_b128_rep1,36470.0,100488,same_mesh_cell_order,0.0,0.0,1,128.0,128.0,2.439200570350444,7357.0,0.0,1080817544.0,6.14255,0.412672,98304.0,1080383481.0,3.0291008754382593,0.332173,24.0,19.166742653316966,19.166742653316966,0.511291,21.090398307825073,16220832.0,43073.0,4152102912.0,46.7626,21.897841437388,256.0,0.06682999999999995,0.05300638342803803,48.5529,0.6217657456416635,0.3399858710808211,1024,1.2566416613271247,141010856.0,0.104506,140977064.0,2.622351779814353,0.0500677,14.0,30.8263084411909,30.8263084411909,0.195326,0.03913074774873043,13692.0,406.0,3469312.0,15.9006,256.0,16.5073,30
256,30k_s30_r1024_b256_rep1,36470.0,960,30k,30k_s316_r8192_b128_rep1,36470.0,100488,same_mesh_cell_order,0.0,0.0,1,256.0,256.0,2.0381004457693446,3832.0,0.0,562959900.0,3.81239,0.257248,98304.0,562733812.0,3.028562610460812,0.173048,24.0,20.989092441894503,20.989092441894503,0.350279,23.15406270138269,12418656.0,16942.0,3178377216.0,42.7025,23.979860663895558,256.0,0.06682999999999995,0.05300638342803803,44.2255,0.6846036113643397,0.3756882341635482,1024,1.3106054056131302,141010856.0,0.100203,140977064.0,2.67671724428982,0.0490508,14.0,30.658752150117277,30.658752150117277,0.188334,0.03913074774873043,13692.0,406.0,3469312.0,15.9875,256.0,16.615,30
64,30k_s30_r1024_b64_rep1,36470.0,960,30k,30k_s316_r8192_b128_rep1,36470.0,100488,same_mesh_cell_order,0.0,0.0,1,64.0,64.0,2.8328951046209236,12187.0,0.0,1790393152.0,8.67986,0.588597,98304.0,1789674119.0,3.0290479195830486,0.55026,24.0,16.984520227095288,16.984520227095288,0.706535,18.63529240484445,18063320.0,95010.0,4623969280.0,52.7708,19.404670764892707,256.0,0.06682999999999995,0.05300638342803803,54.9495,0.5531855820697377,0.30170975168108904,1024,1.2344001114650245,141010856.0,0.106389,140977064.0,2.47103757709267,0.0531336,14.0,30.703114429605876,30.703114429605876,0.200672,0.03913074774873043,13692.0,406.0,3469312.0,15.9644,256.0,16.5788,30
128,30k_s30_r4096_b128_rep1,36470.0,960,30k,30k_s316_r8192_b128_rep1,36470.0,100488,same_mesh_cell_order,0.0,0.0,1,128.0,128.0,2.8533603703409884,29488.0,0.0,4332082216.0,21.2297,1.41397,393216.0,4330342424.0,3.022064934646918,1.3345,24.0,18.126118641582696,18.126118641582696,1.52285,20.004884004884005,63706400.0,169425.0,16307015680.0,197.789,20.708937301872197,256.0,0.050269999999999815,0.0411563380023746,204.75,0.606842125410701,0.0832068376068376,4096,1.1864895284695531,141010856.0,0.110685,140977064.0,2.701367856565228,0.0486032,14.0,29.86957872991304,29.86957872991304,0.199904,0.03913074774873043,13692.0,406.0,3469312.0,16.4099,256.0,17.0366,30
256,30k_s30_r4096_b256_rep1,36470.0,960,30k,30k_s316_r8192_b128_rep1,36470.0,100488,same_mesh_cell_order,0.0,0.0,1,256.0,256.0,2.656544035474037,15334.0,0.0,2252719268.0,11.8817,0.789751,393216.0,2251814562.0,3.03164652297258,0.691758,24.0,20.55361711641986,20.55361711641986,0.8806,22.752774660874785,48719104.0,66603.0,12468813824.0,174.429,23.482333786239675,256.0,0.050269999999999815,0.0411563380023746,180.022,0.6771172880001114,0.09324304807190231,4096,1.2436583753198718,141010856.0,0.105597,140977064.0,2.6425771056609424,0.0496845,14.0,30.3545891984617,30.3545891984617,0.196961,0.03913074774873043,13692.0,406.0,3469312.0,16.1477,256.0,16.7858,30
64,30k_s30_r4096_b64_rep1,36470.0,960,30k,30k_s316_r8192_b128_rep1,36470.0,100488,same_mesh_cell_order,0.0,0.0,1,64.0,64.0,3.114214015377851,49009.0,0.0,7199902992.0,32.1574,2.15317,393216.0,7197011461.0,3.0175664238873905,2.22124,24.0,16.42453216052776,16.42453216052776,2.39299,18.06418607522922,71871440.0,378170.0,18398095360.0,218.28,18.764889133223384,256.0,0.050269999999999815,0.0411563380023746,226.747,0.5362670226969292,0.07338178674910803,4096,1.347027840377753,141010856.0,0.0974936,140977064.0,2.692283383220917,0.0487672,14.0,30.62752596258389,30.62752596258389,0.184193,0.03913074774873043,13692.0,406.0,3469312.0,16.0038,256.0,16.6391,30
128,30k_s30_r512_b128_rep1,36470.0,960,30k,30k_s316_r8192_b128_rep1,36470.0,100488,same_mesh_cell_order,0.0,0.0,1,128.0,128.0,1.9993700698213333,3679.0,0.0,540482344.0,3.70511,0.251761,49152.0,540265283.0,3.0012063866374006,0.167653,24.0,16.228787467272156,16.228787467272156,0.346356,17.835868209655057,7779456.0,20734.0,1991294976.0,27.6141,18.54125247609011,256.0,0.07425999999999999,0.05971821545287358,28.7062,0.5607834920772877,0.6122440448404874,512,1.2667875011686474,141010856.0,0.103669,140977064.0,2.584625967424453,0.0507985,14.0,28.939488584367048,28.939488584367048,0.195892,0.03913074774873043,13692.0,406.0,3469312.0,16.9373,256.0,17.5752,30
256,30k_s30_r512_b256_rep1,36470.0,960,30k,30k_s316_r8192_b128_rep1,36470.0,100488,same_mesh_cell_order,0.0,0.0,1,256.0,256.0,1.5326255086445495,1914.0,0.0,281186272.0,2.50294,0.170867,49152.0,281073346.0,3.05311670883951,0.0857386,24.0,19.357491933358965,19.357491933358965,0.262026,21.30430621611388,5875488.0,8066.0,1503694848.0,23.1509,22.115770877158123,256.0,0.07425999999999999,0.05971821545287358,24.0327,0.6311643546100955,0.6905383082217147,512,1.2125514141289726,141010856.0,0.108306,140977064.0,2.656414015506327,0.0494257,14.0,30.66949486606724,30.66949486606724,0.198465,0.03913074774873043,13692.0,406.0,3469312.0,15.9819,256.0,16.5955,30
64,30k_s30_r512_b64_rep1,36470.0,960,30k,30k_s316_r8192_b128_rep1,36470.0,100488,same_mesh_cell_order,0.0,0.0,1,64.0,64.0,2.474110251450099,6092.0,0.0,894975004.0,4.9463,0.336893,49152.0,894615576.0,3.0151146679239518,0.276333,24.0,14.875338073330546,14.875338073330546,0.425001,16.31388942879083,8840376.0,46578.0,2262998016.0,30.1266,16.99494798616505,256.0,0.07425999999999999,0.05971821545287358,31.3843,0.48256851325501626,0.525635429179558,512,1.3516083605588587,141010856.0,0.0971632,140977064.0,2.731627349041525,0.0480648,14.0,30.825339127481747,30.825339127481747,0.182526,0.03913074774873043,13692.0,406.0,3469312.0,15.9011,256.0,16.4967,30
128,30k_s30_r64_b128_rep1,36470.0,960,30k,30k_s316_r8192_b128_rep1,36470.0,100488,same_mesh_cell_order,0.0,0.0,1,128.0,64.0,1.0015060387589332,764.0,0.0,112239512.0,1.49937,0.104374,6144.0,112194436.0,2.986908016404007,0.0349824,24.0,17.047138518468927,17.047138518468927,0.176106,18.005294681967417,1126776.0,5928.0,288439296.0,3.28606,19.47621163338466,256.0,0.09004200000000001,0.08515150455770269,3.55451,0.5372686873815886,4.512042447482212,64,1.303373331004203,141010856.0,0.100759,140977064.0,2.6275104805383114,0.0499694,14.0,31.729261203643166,31.729261203643166,0.189463,0.03913074774873043,13692.0,406.0,3469312.0,15.4481,256.0,16.0381,30
256,30k_s30_r64_b256_rep1,36470.0,960,30k,30k_s316_r8192_b128_rep1,36470.0,100488,same_mesh_cell_order,0.0,0.0,1,256.0,64.0,1.0209819138863374,764.0,0.0,112239512.0,1.47264,0.102383,6144.0,112194436.0,2.930365393804695,0.0356574,24.0,17.14507129761974,17.14507129761974,0.176067,18.09637450447037,1126776.0,5928.0,288439296.0,3.26729,19.58809900559791,256.0,0.09004200000000001,0.08515150455770269,3.53662,0.5496840325949466,4.609768649162194,64,1.3619064224648574,141010856.0,0.0964285,140977064.0,2.6897297306321217,0.0488135,14.0,31.190775574617557,31.190775574617557,0.182408,0.03913074774873043,13692.0,406.0,3469312.0,15.7148,256.0,16.303,30
64,30k_s30_r64_b64_rep1,36470.0,960,30k,30k_s316_r8192_b128_rep1,36470.0,100488,same_mesh_cell_order,0.0,0.0,1,64.0,64.0,0.8326922689424768,764.0,0.0,112239512.0,1.82584,0.125534,6144.0,112194436.0,3.010262193340772,0.034711,24.0,17.10570078874805,17.10570078874805,0.198106,17.947682505496477,1126776.0,5928.0,288439296.0,3.27481,19.54311853206751,256.0,0.09004200000000001,0.08515150455770269,3.56592,0.5514335182804498,4.599289944810876,64,1.2775208998098455,141010856.0,0.102798,140977064.0,2.669039459874717,0.0491919,14.0,31.020422628804322,31.020422628804322,0.19097,0.03913074774873043,13692.0,406.0,3469312.0,15.8011,256.0,16.4007,30
128,30k_s30_r8_b128_rep1,36470.0,960,30k,30k_s316_r8192_b128_rep1,36470.0,100488,same_mesh_cell_order,0.0,0.0,1,128.0,8.0,1.1940138787046208,0.0,0.0,25412020.0,0.0198212,0.0,768.0,25405941.0,2.766454579883588,0.00855287,24.0,6.08107826449439,6.08107826449439,0.0416231,6.519011066021285,49140.0,6160.0,12577280.0,1.15148,6.947580505089102,256.0,0.27462999999999993,0.29437633575369176,1.22718,0.19601978075420948,13.267083883374891,8,1.2777819303798759,141010856.0,0.102777,140977064.0,2.6940069395562025,0.048736,14.0,31.02277862518117,31.02277862518117,0.189448,0.03913074774873043,13692.0,406.0,3469312.0,15.7999,256.0,16.2811,30
256,30k_s30_r8_b256_rep1,36470.0,960,30k,30k_s316_r8192_b128_rep1,36470.0,100488,same_mesh_cell_order,0.0,0.0,1,256.0,8.0,1.2068980444567983,0.0,0.0,25412020.0,0.0196096,0.0,768.0,25405941.0,2.7918766137362927,0.00847499,24.0,6.144795268266142,6.144795268266142,0.0412223,6.5781359207334615,49140.0,6160.0,12577280.0,1.13954,7.020376643206908,256.0,0.27462999999999993,0.29437633575369176,1.21615,0.20074390919644264,13.667146322410888,8,1.2594496509993238,141010856.0,0.104273,140977064.0,2.575338252867423,0.0509817,14.0,30.610120590274096,30.610120590274096,0.195225,0.03913074774873043,13692.0,406.0,3469312.0,16.0129,256.0,16.6213,30
64,30k_s30_r8_b64_rep1,36470.0,960,30k,30k_s316_r8192_b128_rep1,36470.0,100488,same_mesh_cell_order,0.0,0.0,1,64.0,8.0,0.0,0.0,0.0,0.0,4.89e-05,0.0,768.0,25405941.0,2.8328705553106546,0.00835235,24.0,5.996916857935665,5.996916857935665,0.104147,6.118968036040722,49140.0,6160.0,12577280.0,1.16764,6.851426809633106,256.0,0.27462999999999993,0.29437633575369176,1.30741,0.19487782437835535,12.911022556045923,8,0.6037338107916942,141010856.0,0.217524,140977064.0,2.771172868222164,0.0473789,14.0,30.77270016260367,30.77270016260367,0.301404,0.03913074774873043,13692.0,406.0,3469312.0,15.9283,256.0,16.88,30
128,30k_s316_r8192_b128_rep1,36470.0,100488,30k,30k_s316_r8192_b128_rep1,36470.0,100488,same_mesh_cell_order,0.0,0.0,1,128.0,128.0,0.23227985772430615,107494.0,86223.0,15791380212.0,188.669,63.3153,786432.0,28446493985.0,3.0100975667193395,8.80133,24.0,97.29807080892499,97.29807080892499,42.3837,66.45359118711164,160194384.0,418301.0,41009178624.0,73.6941,111.1622232987444,256.0,0.005294000000000021,0.006588078978840834,123.274,0.4963917241122085,2.948829436864221,8192,0.49031878606584267,771308088.0,1.46504,70468466696.0,3.066841460432432,21.3995,14.0,196.01066271389112,196.01066271389112,93.3519,0.0,1410612.0,15414.0,360579072.0,261.757,256.0,363.514,316
128,30k_s70_r1024_b128_rep1,36470.0,5040,30k,30k_s316_r8192_b128_rep1,36470.0,100488,same_mesh_cell_order,0.0,0.0,1,128.0,128.0,1.974010673322697,18410.0,0.0,2704538908.0,19.1365,1.27598,98304.0,2703452718.0,3.046139429773121,0.82655,24.0,33.59823665684532,33.59823665684532,1.59777,35.131055303965965,18287920.0,48080.0,4681472000.0,26.6766,38.38570132625597,256.0,0.049209999999999976,0.04013119606015082,29.148,0.43608767978825846,1.2249931384657609,1024,0.6887459028627233,740289608.0,1.00102,740112248.0,2.6413367731139235,0.26096,14.0,77.04468209961557,77.04468209961557,1.39694,0.014890467939160282,71064.0,1148.0,18120704.0,33.4004,256.0,35.7061,70
256,30k_s70_r1024_b256_rep1,36470.0,5040,30k,30k_s316_r8192_b128_rep1,36470.0,100488,same_mesh_cell_order,0.0,0.0,1,256.0,256.0,1.2548166506717775,14225.0,0.0,2089738484.0,22.0353,1.551,98304.0,2088899209.0,3.032385410172981,0.641554,24.0,38.074566594308486,38.074566594308486,1.55901,39.61391903131589,16339488.0,21691.0,4182478848.0,23.5403,43.49987043495623,256.0,0.049209999999999976,0.04013119606015082,25.8495,0.49774800724570156,1.3747267838836341,1024,1.178397266125156,740289608.0,0.585073,740112248.0,2.5274856326634385,0.272715,14.0,76.49365952260634,76.49365952260634,0.977469,0.014890467939160282,71064.0,1148.0,18120704.0,33.641,256.0,35.536,70
64,30k_s70_r1024_b64_rep1,36470.0,5040,30k,30k_s316_r8192_b128_rep1,36470.0,100488,same_mesh_cell_order,0.0,0.0,1,64.0,64.0,1.8835818520142982,20773.0,372.0,3051680548.0,17.727,1.50888,98304.0,3105082073.0,3.032530306729761,0.953604,24.0,32.51527184737222,32.51527184737222,1.47783,34.168412903914685,19294464.0,100967.0,4939259904.0,27.5651,37.14842318729117,256.0,0.049209999999999976,0.04013119606015082,29.9692,0.4409530467849554,1.2573008288509537,1024,0.48243201970712074,740289608.0,1.42911,740112248.0,2.6585845646064077,0.259267,14.0,73.73862610644193,73.73862610644193,1.82929,0.014890467939160282,71064.0,1148.0,18120704.0,34.8979,256.0,37.6803,70
128,30k_s70_r4096_b128_rep1,36470.0,5040,30k,30k_s316_r8192_b128_rep1,36470.0,100488,same_mesh_cell_order,0.0,0.0,1,128.0,128.0,2.890766386069772,73554.0,0.0,10805579888.0,52.7675,3.48125,393216.0,10801240202.0,2.984456473447492,3.37061,24.0,38.717868779340954,38.717868779340954,4.28391,40.94771568529441,74456240.0,195460.0,19059988480.0,92.5967,44.23483774259774,256.0,0.02454999999999985,0.019451562454056076,100.03,0.4893215622669265,0.34521243626911924,4096,0.8682912383346746,740289608.0,0.794029,740112248.0,2.662456040448876,0.25889,14.0,79.1256134309083,79.1256134309083,1.17801,0.014890467939160282,71064.0,1148.0,18120704.0,32.522,256.0,34.5316,70
256,30k_s70_r4096_b256_rep1,36470.0,5040,30k,30k_s316_r8192_b128_rep1,36470.0,100488,same_mesh_cell_order,0.0,0.0,1,256.0,256.0,2.574621865445017,56750.0,0.0,8336950436.0,45.652,3.01574,393216.0,8333602186.0,3.062394685756161,2.53438,24.0,43.64434034617005,43.64434034617005,3.44865,46.365997061373825,67860480.0,89785.0,17370808320.0,82.1446,49.863289857154335,256.0,0.02454999999999985,0.019451562454056076,88.3406,0.5603395677849055,0.3945479202088281,4096,1.2852413128965174,740289608.0,0.536435,740112248.0,2.652405402341198,0.259871,14.0,77.88909235644691,77.88909235644691,0.910159,0.014890467939160282,71064.0,1148.0,18120704.0,33.0383,256.0,34.8546,70
64,30k_s70_r4096_b64_rep1,36470.0,5040,30k,30k_s316_r8192_b128_rep1,36470.0,100488,same_mesh_cell_order,0.0,0.0,1,64.0,64.0,2.9147144784032637,84659.0,37.0,12436982068.0,58.6626,3.97392,393216.0,12437421160.0,3.021184372578118,3.83401,24.0,37.32595604150767,37.32595604150767,4.90722,39.260416566822265,77895184.0,407327.0,19940747264.0,96.0497,42.64458920746239,256.0,0.02454999999999985,0.019451562454056076,104.329,0.4797153661781632,0.33889522568029984,4096,0.6867768616916629,740289608.0,1.00389,740112248.0,2.693606950916816,0.255896,14.0,77.80854788721747,77.80854788721747,1.38741,0.014890467939160282,71064.0,1148.0,18120704.0,33.0725,256.0,35.3566,70
128,30k_s70_r512_b128_rep1,36470.0,5040,30k,30k_s316_r8192_b128_rep1,36470.0,100488,same_mesh_cell_order,0.0,0.0,1,128.0,128.0,0.9516852196442533,9225.0,0.0,1355206552.0,19.092,1.32621,49152.0,1354662277.0,3.0146921443133015,0.418493,24.0,22.955811904517983,22.955811904517983,1.20677,23.957363379859903,8540368.0,22577.0,2186160128.0,19.522,26.226821022436226,256.0,0.04950999999999994,0.03764022864884934,21.3713,0.30353352610381307,1.6801832363964755,512,1.1785281973642128,740289608.0,0.585008,740112248.0,2.6150519734270024,0.263583,14.0,75.6285877187311,75.6285877187311,0.97675,0.014890467939160282,71064.0,1148.0,18120704.0,34.0258,256.0,35.9077,70
256,30k_s70_r512_b256_rep1,36470.0,5040,30k,30k_s316_r8192_b128_rep1,36470.0,100488,same_mesh_cell_order,0.0,0.0,1,256.0,256.0,0.5798825416376593,7142.0,0.0,1049205184.0,23.8409,1.68508,49152.0,1048783806.0,2.177692439310234,0.448528,24.0,25.19825243045989,25.19825243045989,1.68174,25.57940857609624,7172448.0,9636.0,1835839488.0,17.7847,28.788790364751723,256.0,0.04950999999999994,0.03764022864884934,20.0161,0.3293721588789018,1.8176068265046637,512,0.4851205142758135,740289608.0,1.42119,740112248.0,2.6396374357089605,0.261128,14.0,76.5038930923253,76.5038930923253,1.82916,0.014890467939160282,71064.0,1148.0,18120704.0,33.6365,256.0,36.3814,70
64,30k_s70_r512_b64_rep1,36470.0,5040,30k,30k_s316_r8192_b128_rep1,36470.0,100488,same_mesh_cell_order,0.0,0.0,1,64.0,64.0,0.4143262332382951,7819.0,2757.0,1148651932.0,10.4231,2.58194,49152.0,1553055872.0,3.0174740126689343,0.47934,24.0,21.096843076517498,21.096843076517498,1.04223,22.40768863816397,9322128.0,48909.0,2386372608.0,21.2422,24.10296485298133,256.0,0.04950999999999994,0.03764022864884934,22.8493,0.27836628884731246,1.5776850931976034,512,0.9075965042528498,740289608.0,0.759642,740112248.0,2.622643803027964,0.26282,14.0,75.7880674555725,75.7880674555725,1.13996,0.014890467939160282,71064.0,1148.0,18120704.0,33.9542,256.0,36.049,70
128,30k_s70_r64_b128_rep1,36470.0,5040,30k,30k_s316_r8192_b128_rep1,36470.0,100488,same_mesh_cell_order,0.0,0.0,1,128.0,64.0,0.6718356023345148,1317.0,0.0,193480068.0,3.96878,0.268209,6144.0,193402365.0,3.0403230809102486,0.0592437,24.0,24.75678494561879,24.75678494561879,0.462043,22.85877562683049,1176464.0,6167.0,301164544.0,2.26273,28.28441749568,256.0,0.07349000000000006,0.07850475743741245,2.7998,0.32434049399901643,12.728087720551468,64,1.1083453211044145,740289608.0,0.622052,740112248.0,2.6618596950422844,0.258948,14.0,76.32961472178637,76.32961472178637,1.00268,0.014890467939160282,71064.0,1148.0,18120704.0,33.7133,256.0,35.6361,70
256,30k_s70_r64_b256_rep1,36470.0,5040,30k,30k_s316_r8192_b128_rep1,36470.0,100488,same_mesh_cell_order,0.0,0.0,1,256.0,64.0,0.6228908445214317,1317.0,0.0,193480068.0,4.28333,0.289284,6144.0,193402365.0,2.945736246173462,0.061146,24.0,23.497548227970757,23.497548227970757,0.537394,21.303650247322064,1176464.0,6167.0,301164544.0,2.38399,26.845750191905168,256.0,0.07349000000000006,0.07850475743741245,3.00418,0.30987574623723624,11.946521180488519,64,1.0560044719791621,740289608.0,0.652884,740112248.0,2.640233977652688,0.261069,14.0,75.82893631817633,75.82893631817633,1.02821,0.014890467939160282,71064.0,1148.0,18120704.0,33.9359,256.0,35.8895,70
64,30k_s70_r64_b64_rep1,36470.0,5040,30k,30k_s316_r8192_b128_rep1,36470.0,100488,same_mesh_cell_order,0.0,0.0,1,64.0,64.0,0.16876375033302174,737.0,580.0,108261324.0,3.87225,0.59744,6144.0,193402365.0,3.0195433553700752,0.0596514,24.0,24.62889099926137,24.62889099926137,0.791728,20.40016192628529,1176464.0,6167.0,301164544.0,2.27448,28.138299743238015,256.0,0.07349000000000006,0.07850475743741245,3.13723,0.3243742996829416,11.435788896574365,64,0.9871346808483599,740289608.0,0.698434,740112248.0,2.6518135502841527,0.259929,14.0,75.92738087861702,75.92738087861702,1.07992,0.014890467939160282,71064.0,1148.0,18120704.0,33.8919,256.0,35.8767,70
128,30k_s70_r8_b128_rep1,36470.0,5040,30k,30k_s316_r8192_b128_rep1,36470.0,100488,same_mesh_cell_order,0.0,0.0,1,128.0,8.0,0.3801804687686574,0.0,0.0,27614892.0,0.0676478,0.0,768.0,27608288.0,2.714988998527594,0.00947047,24.0,95.0353146834165,95.0353146834165,0.108024,42.19119997046616,51096.0,6387.0,13080576.0,0.0736804,108.57704355568103,256.0,0.156408,0.18626165509687412,0.189613,1.2187182243650063,185.2235869903435,8,0.8236940857848598,740289608.0,0.83702,740112248.0,2.62157649960563,0.262927,14.0,77.97972721129459,77.97972721129459,1.22766,0.014890467939160282,71064.0,1148.0,18120704.0,32.9999,256.0,35.1208,70
256,30k_s70_r8_b256_rep1,36470.0,5040,30k,30k_s316_r8192_b128_rep1,36470.0,100488,same_mesh_cell_order,0.0,0.0,1,256.0,8.0,0.4747469637007572,0.0,0.0,27614892.0,0.0541728,0.0,768.0,27608288.0,2.737410369628722,0.0093929,24.0,94.38583910475364,94.38583910475364,0.0819353,48.648780131838194,51096.0,6387.0,13080576.0,0.0741874,107.83502319800937,256.0,0.156408,0.18626165509687412,0.164444,1.2414268634905254,218.64829364403684,8,0.8408389550177184,740289608.0,0.819953,740112248.0,2.667948785253775,0.258357,14.0,76.03012459338004,76.03012459338004,1.20374,0.014890467939160282,71064.0,1148.0,18120704.0,33.8461,256.0,35.9554,70
64,30k_s70_r8_b64_rep1,36470.0,5040,30k,30k_s316_r8192_b128_rep1,36470.0,100488,same_mesh_cell_order,0.0,0.0,1,64.0,8.0,0.0,0.0,0.0,0.0,4.4528e-05,0.0,768.0,27608288.0,2.6287873719597363,0.00978102,24.0,104.51962474531491,104.51962474531491,0.1667,33.233218263315095,51096.0,6387.0,13080576.0,0.0669945,119.41278761689392,256.0,0.156408,0.18626165509687412,0.240723,1.3468625178541667,149.75262023155247,8,0.42516553014531533,740289608.0,1.6216,740112248.0,2.638970436961835,0.261194,14.0,77.60229671535927,77.60229671535927,2.00207,0.014890467939160282,71064.0,1148.0,18120704.0,33.1604,256.0,36.0489,70
